disease,Symptom_1,Symptom_2,Symptom_3,Symptom_4,Symptom_5,Symptom_6,Symptom_7,Symptom_8,Symptom_9,Symptom_10,Symptom_11,Symptom_12,Symptom_13,Symptom_14,Symptom_15,Symptom_16,Symptom_17,Symptom_18,Symptom_19,Symptom_20
Disease_1,1,0,0,0,0,1,0,1,0,0,0,0,1,1,0,0,0,0,0,0
Disease_2,0,0,1,1,0,0,0,0,1,0,1,0,1,0,0,1,0,1,0,0
Disease_3,0,0,0,1,0,0,0,0,0,0,1,0,1,0,1,0,0,0,1,0
Disease_4,1,0,0,0,0,0,0,1,0,0,1,1,1,1,0,1,0,0,0,1
Disease_5,0,1,1,0,0,1,0,0,0,0,1,0,1,0,1,0,0,0,0,0
Disease_6,0,1,0,0,0,1,1,1,1,0,1,1,1,0,0,1,0,0,0,1
Disease_7,0,0,0,0,1,0,0,1,0,1,0,1,0,0,1,0,0,0,0,0
Disease_8,0,0,0,0,0,0,0,0,0,1,0,0,1,0,0,1,1,0,0,1
Disease_9,0,0,1,0,0,1,0,0,1,0,0,1,0,0,1,0,0,1,1,0
Disease_10,0,0,0,1,0,0,0,0,0,0,0,0,0,1,0,1,0,0,0,0
Disease_11,0,1,0,1,0,0,1,0,0,1,1,1,0,0,1,0,1,0,0,0
Disease_12,0,1,0,0,1,0,0,1,1,0,0,0,1,0,0,0,1,1,0,1
Disease_13,0,0,1,0,0,0,0,1,0,0,1,0,0,0,0,0,1,0,0,0
Disease_14,1,0,0,0,0,0,0,1,1,1,1,1,0,0,0,0,1,1,0,0
Disease_15,0,0,0,0,0,1,1,0,1,0,1,1,1,1,0,0,0,0,0,0
Disease_16,0,0,0,1,1,0,0,1,0,0,1,1,0,0,0,0,0,0,1,0
Disease_17,0,0,0,0,0,1,0,0,0,0,0,0,0,0,0,0,0,0,0,0
Disease_18,0,0,0,0,0,1,1,0,0,0,0,0,0,1,0,0,1,0,0,1
Disease_19,0,1,1,0,0,0,0,0,0,0,0,0,0,0,0,0,1,0,0,1
Disease_20,0,0,1,0,1,0,1,0,0,0,0,0,1,0,0,0,1,1,0,0
Disease_21,1,0,0,0,0,0,1,1,1,0,1,0,0,0,0,0,0,0,0,0
Disease_22,0,1,1,0,0,0,0,0,0,1,0,0,0,0,0,1,0,1,0,1
Disease_23,0,0,1,0,1,1,0,0,0,0,0,0,0,0,1,0,0,0,0,1
Disease_24,0,0,0,0,1,0,0,0,0,0,0,0,1,0,0,0,1,1,0,1
Disease_25,0,0,0,0,0,0,1,0,0,0,0,0,0,0,1,0,1,0,0,1
Disease_26,0,0,0,0,0,1,0,0,0,0,0,0,0,1,0,0,0,0,0,0
Disease_27,1,0,0,0,1,0,0,0,0,1,1,1,1,0,0,0,0,1,0,0
Disease_28,0,0,0,1,0,1,1,0,0,0,0,1,0,0,0,0,0,0,0,0
Disease_29,0,1,0,0,1,0,0,1,1,0,1,0,0,1,0,0,0,0,0,1
Disease_30,0,0,0,0,0,1,0,0,0,1,0,0,0,0,0,1,0,0,0,1
Disease_31,1,0,0,0,0,0,0,0,1,0,0,1,0,1,0,1,0,0,0,0
Disease_32,0,1,0,0,1,0,0,0,1,0,0,0,0,0,0,1,1,0,0,0
Disease_33,0,0,0,0,0,1,1,1,0,1,0,0,1,1,1,1,1,0,0,0
Disease_34,1,0,0,1,0,0,0,0,1,0,0,0,1,0,0,0,0,0,0,0
Disease_35,0,0,0,0,0,0,0,1,1,0,0,0,0,0,0,0,0,0,1,0
Disease_36,0,0,0,1,0,1,0,0,0,1,0,0,0,0,1,1,0,0,0,0
Disease_37,0,0,1,0,0,0,0,0,1,0,0,0,0,1,0,0,0,0,0,0
Disease_38,0,0,0,0,0,1,0,0,1,0,1,0,1,0,0,1,0,0,0,1
Disease_39,0,0,0,0,1,0,0,0,0,0,1,1,0,0,0,0,1,1,0,1
Disease_40,0,0,1,1,1,0,1,1,0,1,0,0,0,0,0,1,1,0,0,0
Disease_41,0,1,0,1,0,0,1,0,0,1,0,1,0,0,1,1,1,0,0,1
Disease_42,0,0,0,1,1,0,0,1,0,1,0,0,1,1,0,1,1,0,0,0
Disease_43,1,0,0,0,0,0,0,0,0,0,0,1,0,0,0,0,0,0,1,0
Disease_44,0,0,0,0,0,0,0,0,0,0,0,1,0,0,1,0,1,0,0,1
Disease_45,0,1,1,1,1,1,1,0,0,0,0,0,1,0,0,1,0,0,0,0
Disease_46,0,1,1,0,0,1,0,0,0,0,0,0,0,0,0,0,1,1,0,0
Disease_47,1,0,0,0,1,0,0,0,0,0,1,0,0,1,0,1,0,0,1,0
Disease_48,0,1,1,0,0,0,1,1,0,0,1,0,0,0,1,1,0,0,1,0
Disease_49,0,0,0,0,0,1,0,0,0,1,0,0,1,0,0,0,1,1,0,0
Disease_50,0,0,0,0,0,0,1,1,1,0,0,1,1,0,0,0,0,0,0,0
Disease_51,1,1,0,1,0,1,1,1,0,0,0,1,0,0,0,0,0,0,1,0
Disease_52,0,1,1,1,0,0,0,0,0,0,0,0,0,1,0,0,1,0,0,0
Disease_53,0,0,1,1,1,1,0,1,0,0,0,1,0,1,1,0,0,0,0,0
Disease_54,0,0,1,0,1,0,0,1,0,1,1,1,1,1,0,1,0,0,1,1
Disease_55,0,0,0,0,0,0,0,0,0,0,1,0,0,0,0,0,1,0,0,0
Disease_56,0,0,0,0,1,0,1,0,0,0,1,0,0,0,0,1,0,0,1,0
Disease_57,1,0,1,0,0,0,1,0,1,1,0,0,0,0,0,0,0,0,0,0
Disease_58,0,0,0,1,0,0,1,1,1,0,1,1,0,0,0,0,0,0,0,0
Disease_59,0,0,0,1,0,1,0,0,0,0,0,0,0,1,0,1,0,0,0,0
Disease_60,0,0,0,0,1,0,0,0,0,1,0,0,1,0,0,1,0,0,0,0
Disease_61,0,0,1,1,1,0,0,0,0,0,0,0,0,1,0,0,1,0,0,1
Disease_62,0,0,0,0,1,0,0,0,1,1,1,0,1,0,1,1,0,1,0,0
Disease_63,0,0,0,0,1,1,0,0,0,0,0,0,0,0,1,1,0,0,0,1
Disease_64,1,0,1,1,0,0,0,0,0,0,0,0,1,0,0,0,1,1,0,0
Disease_65,1,1,1,0,0,0,1,0,0,0,1,0,0,1,0,0,1,1,0,0
Disease_66,0,1,1,0,0,0,1,0,0,0,0,0,0,0,0,1,0,1,1,1
Disease_67,1,0,0,0,0,1,0,0,0,0,0,0,0,0,1,0,0,1,0,0
Disease_68,1,0,0,1,0,0,0,1,1,0,0,1,0,1,0,0,1,0,0,1
Disease_69,1,0,1,1,0,0,0,0,0,1,0,0,0,0,0,1,0,0,0,0
Disease_70,0,0,0,0,0,1,0,0,0,0,0,0,0,1,1,1,1,0,0,1
Disease_71,1,0,0,1,0,0,1,0,1,0,0,0,1,0,1,0,1,0,1,1
Disease_72,0,1,1,0,0,0,1,0,1,0,0,0,1,1,0,0,1,0,1,0
Disease_73,1,1,1,0,0,0,1,0,1,0,1,0,0,0,1,1,0,1,0,0
Disease_74,0,0,0,0,0,0,0,0,1,1,1,0,0,1,0,0,0,0,0,0
Disease_75,1,0,0,0,1,0,1,0,1,0,0,0,0,1,0,1,0,0,1,0
Disease_76,0,0,0,0,0,0,0,0,0,0,0,0,0,1,1,0,0,0,0,0
Disease_77,0,0,0,0,0,0,0,0,1,0,0,0,0,0,0,0,0,0,0,0
Disease_78,0,0,0,1,1,0,0,0,1,0,0,0,0,0,1,0,1,0,0,0
Disease_79,1,0,0,0,0,0,0,1,0,0,0,0,0,0,1,1,0,1,0,0
Disease_80,0,0,0,0,0,1,0,0,0,0,0,0,0,0,0,1,0,0,0,1
Disease_81,0,0,0,0,0,0,1,0,0,1,0,1,0,0,0,0,0,1,1,1
Disease_82,0,0,0,0,1,0,0,0,0,0,1,0,0,0,0,0,0,1,0,0
Disease_83,0,0,0,1,1,0,0,1,1,0,0,0,0,0,0,1,0,0,0,0
Disease_84,0,0,0,0,1,1,0,1,1,0,0,0,0,1,1,1,1,0,0,0
Disease_85,0,1,0,0,0,0,0,0,0,0,1,0,0,1,1,0,0,0,0,0
Disease_86,0,1,1,0,0,0,0,0,1,0,0,0,0,0,0,1,1,0,0,1
Disease_87,1,0,1,1,1,1,1,0,0,0,0,0,1,0,0,0,1,0,0,1
Disease_88,0,1,0,0,0,0,0,1,1,1,0,0,1,1,0,0,1,1,0,0
Disease_89,0,0,1,0,0,1,0,1,0,1,1,0,1,1,0,0,0,0,0,1
Disease_90,0,0,0,0,0,1,0,1,0,0,0,0,1,0,0,0,1,1,0,0
Disease_91,0,0,1,0,0,0,0,0,0,0,1,0,1,0,0,1,0,1,1,1
Disease_92,0,1,0,0,0,0,0,0,0,1,1,0,0,0,0,0,0,0,0,0
Disease_93,0,0,1,0,0,0,0,0,1,0,0,0,0,0,1,0,0,0,0,0
Disease_94,0,0,0,0,1,0,1,1,0,0,0,0,0,0,1,0,0,1,0,1
Disease_95,0,1,0,0,0,0,1,0,0,0,0,0,1,1,0,0,0,0,1,0
Disease_96,0,1,1,1,1,1,1,1,0,0,1,0,1,0,0,0,0,0,1,0
Disease_97,0,0,0,1,0,0,1,1,0,0,0,0,0,0,0,0,0,1,0,0
Disease_98,0,0,0,1,0,1,0,0,0,0,0,0,1,1,0,1,0,0,1,1
Disease_99,0,0,0,1,0,0,1,0,0,0,0,0,0,1,0,1,0,1,0,0
Disease_100,0,1,0,0,0,1,0,0,1,1,0,0,0,0,1,1,0,0,1,0
Disease_101,0,0,1,1,0,0,0,0,1,0,0,0,0,0,0,0,0,0,1,0
Disease_102,1,0,0,0,0,0,0,0,0,0,0,0,0,0,0,0,0,1,0,0
Disease_103,0,0,0,1,1,1,0,0,0,1,0,0,1,1,1,0,1,0,0,0
Disease_104,0,0,0,0,0,0,0,0,1,1,0,0,0,1,0,0,1,0,0,1
Disease_105,0,0,0,1,0,1,1,0,0,0,1,0,0,0,0,0,0,0,1,1
Disease_106,0,0,1,0,0,0,0,1,0,0,0,1,1,0,0,0,0,0,0,0
Disease_107,0,0,1,0,0,0,0,0,0,0,0,0,0,0,1,1,0,1,1,1
Disease_108,0,0,0,1,0,0,0,1,0,0,0,0,0,1,1,1,0,1,0,0
Disease_109,0,1,0,1,1,0,1,0,0,1,0,0,0,0,0,0,1,1,0,0
Disease_110,1,1,0,0,0,1,1,0,0,0,1,0,0,0,0,1,0,0,1,1
Disease_111,0,0,0,0,1,0,1,0,1,0,1,0,0,0,0,0,0,1,0,1
Disease_112,1,0,0,0,1,0,0,1,0,1,1,0,0,0,0,0,1,1,0,0
Disease_113,1,1,0,0,0,0,0,0,0,1,0,0,0,0,0,1,0,0,0,1
Disease_114,0,0,0,1,0,0,0,0,0,0,0,0,0,0,0,0,0,0,1,0
Disease_115,0,0,0,1,0,0,0,0,0,0,1,0,1,0,0,0,0,0,0,0
Disease_116,0,0,1,1,1,0,0,0,0,0,1,0,1,0,0,0,0,1,1,1
Disease_117,0,0,0,0,0,1,0,0,0,0,1,1,0,0,0,0,1,0,1,0
Disease_118,0,0,0,1,0,0,0,1,1,1,0,1,1,0,0,0,0,0,1,1
Disease_119,0,0,0,0,1,0,1,1,1,1,0,0,0,0,1,0,0,1,1,0
Disease_120,1,0,0,0,1,0,0,0,0,0,1,1,0,1,1,1,1,1,0,0
Disease_121,0,0,0,0,0,0,0,0,0,0,0,0,0,0,1,1,0,0,0,0
Disease_122,0,0,0,0,1,0,1,0,0,0,0,0,0,0,0,1,0,0,1,0
Disease_123,1,0,1,0,0,0,0,1,1,0,0,1,0,0,0,1,1,1,1,1
Disease_124,0,1,0,0,1,1,0,1,0,0,1,1,0,0,0,1,0,0,0,1
Disease_125,0,0,0,1,0,1,0,0,1,0,0,0,0,1,0,1,0,0,0,1
Disease_126,1,0,1,0,0,1,0,0,0,0,0,0,1,1,0,1,0,0,1,0
Disease_127,0,0,0,0,0,1,0,0,1,0,0,0,0,0,1,1,0,0,0,1
Disease_128,0,0,0,0,1,0,1,0,0,0,0,1,0,0,1,0,0,0,1,0
Disease_129,0,0,0,0,0,0,1,0,0,0,1,0,0,0,0,0,0,0,0,0
Disease_130,1,0,0,0,1,0,0,0,0,0,0,1,0,0,0,0,0,0,0,1
Disease_131,0,0,0,0,0,0,0,0,1,0,0,1,1,0,1,0,0,1,1,0
Disease_132,0,0,0,1,1,1,0,0,1,1,0,1,0,1,0,0,1,1,0,1
Disease_133,0,0,0,1,0,0,0,0,0,0,0,0,0,0,0,0,0,0,0,0
Disease_134,0,0,0,0,1,0,0,0,0,1,1,0,0,0,1,0,0,0,0,1
Disease_135,1,0,0,0,0,1,0,0,0,0,0,0,0,0,0,0,1,0,1,0
Disease_136,1,0,0,1,0,1,0,0,1,0,0,1,0,0,0,0,0,0,0,0
Disease_137,0,1,0,0,0,0,0,1,0,1,1,0,1,0,0,0,0,0,0,1
Disease_138,1,1,0,0,0,0,0,0,0,1,0,0,0,1,0,0,1,0,0,1
Disease_139,0,0,0,1,0,0,0,0,0,0,0,1,0,0,1,0,0,0,0,1
Disease_140,0,0,0,1,0,0,0,0,1,0,0,0,0,0,0,1,1,0,0,1
Disease_141,0,0,0,1,1,0,0,0,0,1,0,0,1,0,0,0,0,0,1,0
Disease_142,0,1,0,0,0,0,0,0,0,0,1,0,1,0,1,0,1,0,1,1
Disease_143,0,0,0,0,0,0,0,1,1,0,0,0,0,0,0,0,0,1,0,1
Disease_144,1,0,0,1,0,0,0,1,1,0,0,0,0,0,1,1,1,1,0,0
Disease_145,0,0,0,1,0,1,1,0,0,0,0,0,0,0,0,1,0,1,0,0
Disease_146,0,1,0,0,0,0,0,0,1,0,1,0,0,0,0,1,0,1,0,0
Disease_147,0,1,0,0,0,0,1,0,0,0,0,0,0,1,0,1,0,0,0,0
Disease_148,0,1,0,0,1,0,0,0,0,1,0,0,1,0,1,0,0,1,0,0
Disease_149,1,0,1,1,0,0,0,0,0,0,0,1,0,1,0,0,0,0,0,1
Disease_150,1,1,0,0,1,0,1,0,1,0,0,1,0,0,0,0,0,0,0,0
Disease_151,0,0,1,1,0,0,0,0,1,0,0,1,1,0,0,0,0,1,0,0
Disease_152,1,0,0,0,0,0,1,1,0,0,0,0,0,0,0,1,0,0,0,0
Disease_153,1,0,1,1,0,1,1,0,0,0,1,0,1,0,0,1,0,0,1,0
Disease_154,0,1,1,1,0,0,0,0,0,0,0,1,0,1,0,0,1,1,0,0
Disease_155,1,0,1,0,0,0,0,1,1,0,0,0,0,0,1,0,0,1,0,0
Disease_156,0,0,1,0,0,0,0,0,1,0,0,0,0,1,0,0,1,0,0,0
Disease_157,0,1,0,1,0,0,0,0,1,0,0,1,1,0,0,0,0,0,0,0
Disease_158,0,0,0,0,1,0,1,0,0,1,0,0,0,1,0,0,0,0,1,0
Disease_159,0,0,0,1,0,1,0,0,0,0,0,1,1,0,1,0,1,0,0,0
Disease_160,0,0,1,1,0,0,0,0,0,0,1,0,0,0,0,0,1,1,0,0
Disease_161,1,0,1,0,0,0,0,1,0,0,0,0,0,0,0,0,0,0,0,0
Disease_162,0,0,0,1,0,1,1,1,0,0,0,1,0,1,1,0,1,0,1,1
Disease_163,0,0,0,0,0,1,1,1,0,0,0,1,0,0,0,1,1,0,0,0
Disease_164,0,1,0,0,0,0,1,0,0,0,0,0,0,0,0,0,0,1,1,0
Disease_165,0,0,0,0,0,0,1,0,0,0,0,0,1,0,0,0,1,0,0,1
Disease_166,1,1,0,0,1,0,0,0,0,1,1,1,1,0,0,0,0,0,0,1
Disease_167,1,1,1,0,0,0,1,0,1,0,1,0,1,0,1,0,0,0,0,0
Disease_168,0,0,1,0,1,0,0,0,0,0,0,1,0,0,0,0,1,0,1,0
Disease_169,1,0,0,0,0,0,0,0,0,1,0,0,0,1,0,0,0,0,0,0
Disease_170,1,0,0,0,0,1,0,0,0,0,1,0,0,0,0,1,1,1,1,0
Disease_171,0,1,1,1,0,0,1,0,1,1,0,1,1,0,0,1,0,0,1,1
Disease_172,1,0,0,0,1,0,0,0,0,0,0,1,0,0,0,0,1,0,0,1
Disease_173,0,1,0,0,0,0,1,0,0,0,0,0,0,1,0,0,0,0,0,0
Disease_174,0,0,1,0,0,0,1,0,0,0,0,0,0,1,0,0,0,1,1,0
Disease_175,0,0,0,0,0,1,0,0,0,1,1,0,1,1,1,0,1,0,0,1
Disease_176,0,0,0,0,0,1,0,0,0,0,0,0,1,1,0,0,0,0,1,1
Disease_177,1,0,0,0,1,0,0,0,0,1,0,1,0,0,0,1,0,1,0,0
Disease_178,0,0,0,0,0,1,1,0,1,1,0,0,0,0,0,0,1,1,0,0
Disease_179,1,0,0,1,1,0,1,0,1,0,1,0,1,0,0,0,0,0,0,0
Disease_180,0,0,1,0,0,0,1,0,0,1,0,0,0,0,1,0,1,1,0,0
Disease_181,0,1,0,0,0,0,0,0,1,1,1,0,0,0,1,0,1,0,0,0
Disease_182,0,1,0,0,0,0,0,0,0,0,0,1,1,1,0,1,1,0,0,0
Disease_183,0,0,0,0,0,0,0,0,1,0,0,1,0,0,0,1,0,1,0,1
Disease_184,0,1,0,0,1,0,0,0,0,0,0,0,0,1,1,0,0,1,0,0
Disease_185,1,0,0,0,0,0,1,0,0,0,0,0,0,0,0,0,0,0,1,0
Disease_186,1,0,0,0,0,1,0,1,0,0,0,0,0,0,0,1,0,1,1,0
Disease_187,1,0,1,0,0,1,0,0,1,0,1,0,1,0,0,0,0,0,1,0
Disease_188,0,0,1,0,0,1,1,0,0,0,1,1,1,1,0,0,1,0,0,1
Disease_189,0,0,0,0,1,0,0,0,0,1,0,0,0,0,0,0,0,1,1,1
Disease_190,1,0,1,0,0,1,0,1,0,0,0,0,0,0,0,1,0,0,0,0
Disease_191,0,0,0,1,0,0,0,0,0,1,0,0,0,0,0,0,1,1,0,0
Disease_192,0,1,0,0,0,1,0,1,0,0,0,1,0,1,1,1,0,0,0,1
Disease_193,0,0,1,0,0,0,0,0,0,0,0,0,0,0,0,1,0,1,0,0
Disease_194,0,1,1,1,0,0,0,0,0,0,0,0,0,1,0,1,0,1,1,1
Disease_195,1,0,0,0,0,1,0,1,0,0,0,0,0,1,0,0,1,0,0,0
Disease_196,1,1,0,0,0,1,1,0,1,0,1,0,0,0,0,0,0,1,0,0
Disease_197,0,0,0,0,1,0,0,0,0,1,0,1,0,0,0,1,0,1,0,0
Disease_198,0,1,1,0,0,0,0,0,0,0,0,1,0,0,1,0,0,0,1,0
Disease_199,0,0,0,0,0,0,0,0,0,1,0,0,0,0,0,1,0,1,1,1
Disease_200,0,0,1,0,0,0,0,0,0,0,0,0,0,0,0,1,0,0,0,0
Disease_201,1,1,1,0,0,0,0,1,0,0,0,0,0,0,0,1,0,0,0,1
Disease_202,1,0,1,0,0,0,0,0,1,0,0,1,1,0,1,0,1,0,0,0
Disease_203,1,0,0,0,0,1,0,0,0,1,0,0,1,0,1,0,0,0,0,0
Disease_204,0,1,0,1,0,0,0,0,0,0,1,1,0,0,1,0,0,1,0,0
Disease_205,1,0,0,0,1,1,1,0,1,1,0,1,1,0,0,1,0,0,1,0
Disease_206,0,1,0,0,1,0,0,0,0,0,0,1,0,1,0,0,0,0,0,0
Disease_207,1,0,1,0,0,0,0,0,0,0,0,0,0,0,0,1,0,0,0,0
Disease_208,1,1,1,0,0,0,0,0,0,0,0,1,0,1,0,1,1,1,1,0
Disease_209,0,0,0,0,0,1,0,1,0,1,1,1,0,0,1,0,0,0,0,0
Disease_210,0,0,1,1,0,0,0,0,0,0,0,0,1,1,0,1,0,0,1,1
Disease_211,0,0,0,1,1,0,0,0,1,0,0,0,0,0,0,1,0,0,0,0
Disease_212,0,0,1,0,1,0,0,0,0,1,1,0,1,0,0,0,0,0,0,0
Disease_213,0,1,0,0,1,0,1,0,1,0,0,0,1,0,0,0,1,0,1,0
Disease_214,0,0,0,0,1,0,0,0,0,1,0,0,0,0,0,0,0,0,0,0
Disease_215,0,0,0,0,1,0,0,0,0,0,1,0,0,0,1,1,1,0,0,0
Disease_216,0,0,1,0,1,0,0,0,1,1,0,0,0,0,1,0,0,1,0,0
Disease_217,0,0,0,0,0,1,0,0,0,0,1,0,1,0,1,0,0,0,0,1
Disease_218,0,1,1,0,1,0,0,0,0,0,0,0,1,0,0,0,0,0,1,1
Disease_219,0,1,0,0,0,0,0,0,0,0,1,0,0,0,0,0,0,0,0,0
Disease_220,0,0,0,0,0,0,0,0,0,0,0,1,0,0,0,1,0,0,0,1
Disease_221,0,0,1,0,1,0,0,1,1,1,0,1,1,1,0,0,0,1,0,0
Disease_222,0,0,0,0,0,0,0,0,0,1,1,0,0,0,0,0,1,1,1,0
Disease_223,0,0,1,0,0,1,0,1,0,0,0,0,1,1,1,0,1,0,0,1
Disease_224,0,0,0,0,0,1,0,1,0,0,0,1,0,0,1,0,0,0,0,0
Disease_225,1,0,0,0,0,0,0,0,1,1,1,0,0,0,0,0,0,1,0,1
Disease_226,0,1,1,0,1,0,1,1,1,0,0,0,0,1,0,0,0,0,0,0
Disease_227,0,1,1,1,0,0,1,0,1,1,0,0,0,0,0,0,1,0,0,0
Disease_228,0,1,0,0,0,1,0,1,1,1,1,0,0,0,1,0,1,1,1,1
Disease_229,1,0,1,0,0,0,1,1,0,1,1,1,0,0,1,0,0,1,1,1
Disease_230,0,1,1,0,1,1,1,0,0,1,0,0,0,0,1,0,1,0,0,0
Disease_231,0,1,1,1,1,0,0,0,0,0,1,0,1,1,0,1,0,0,1,0
Disease_232,0,0,0,0,0,0,0,1,0,1,0,0,0,1,0,0,0,0,0,0
Disease_233,0,1,0,0,0,0,1,0,1,0,0,0,0,1,0,0,0,0,0,1
Disease_234,0,0,1,0,1,0,1,0,0,0,1,1,1,0,1,0,0,0,0,0
Disease_235,0,0,0,0,1,0,1,0,0,0,0,1,0,1,1,1,0,1,1,0
Disease_236,0,0,0,0,0,1,0,1,0,0,0,0,0,0,1,0,0,0,0,0
Disease_237,0,1,1,0,0,0,1,0,1,0,1,0,0,0,0,0,0,0,0,1
Disease_238,1,0,0,1,0,1,0,0,0,0,0,0,1,0,1,0,0,0,1,0
Disease_239,0,1,1,0,0,0,0,0,0,0,0,0,0,1,0,0,0,0,1,0
Disease_240,1,0,1,1,1,1,1,0,0,1,0,0,0,0,1,1,0,1,0,0
Disease_241,0,1,0,1,0,1,1,0,0,0,0,1,0,0,1,1,1,1,0,1
Disease_242,1,0,0,0,0,0,1,0,0,1,1,0,0,0,0,1,0,0,0,0
Disease_243,1,0,0,0,1,0,0,0,0,1,0,0,1,0,0,0,1,0,0,0
Disease_244,0,1,0,0,0,0,0,0,1,0,0,0,1,1,0,0,0,0,1,1
Disease_245,0,0,1,0,0,1,0,1,0,0,0,1,1,1,0,1,1,0,0,0
Disease_246,0,0,1,0,1,1,0,0,1,0,0,0,1,0,0,0,0,0,0,0
Disease_247,0,0,0,0,0,0,0,0,0,0,0,0,0,0,1,0,0,1,0,0
Disease_248,0,1,0,1,0,0,1,0,0,0,1,0,0,0,0,1,0,0,1,1
Disease_249,0,0,0,0,0,0,0,1,0,0,0,0,0,0,1,0,1,0,0,0
Disease_250,0,0,1,1,1,0,0,1,0,0,1,0,1,1,1,0,1,1,0,0
Disease_251,0,1,0,1,0,0,1,0,0,0,0,1,0,1,1,1,1,0,1,0
Disease_252,0,1,1,0,1,1,0,0,0,0,0,1,0,1,0,0,0,1,1,0
Disease_253,0,0,0,0,0,0,1,0,0,0,1,1,0,1,1,1,0,0,0,0
Disease_254,1,0,0,0,0,0,1,0,1,1,0,1,1,0,0,0,0,0,0,0
Disease_255,1,1,1,0,0,0,0,1,0,1,1,0,0,0,0,0,0,0,0,0
Disease_256,0,0,0,0,1,1,0,1,0,1,1,0,0,0,0,0,0,0,1,0
Disease_257,0,0,0,1,0,0,0,0,0,0,1,1,0,0,1,0,1,0,0,0
Disease_258,0,0,0,1,1,0,1,0,1,0,0,1,1,0,0,1,0,1,0,1
Disease_259,0,1,0,0,1,1,1,0,0,0,0,0,0,0,0,0,0,0,0,1
Disease_260,0,0,0,0,0,1,1,0,1,0,0,0,0,1,0,0,0,1,0,1
Disease_261,1,0,0,1,0,0,0,0,0,0,0,0,1,0,0,0,0,0,1,0
Disease_262,0,0,0,1,1,0,0,0,0,1,1,0,0,0,1,0,1,0,0,0
Disease_263,0,1,0,1,0,0,1,0,0,0,0,0,0,0,0,1,0,1,1,0
Disease_264,0,0,1,1,0,0,1,0,1,1,1,0,0,0,0,0,0,0,0,0
Disease_265,0,0,0,0,1,0,0,0,0,0,1,0,0,0,0,0,0,0,0,0
Disease_266,0,1,0,0,0,1,0,0,0,0,1,1,0,1,0,0,0,0,0,0
Disease_267,0,0,0,0,0,1,0,0,1,1,0,0,0,1,0,0,0,0,0,0
Disease_268,0,0,1,1,0,1,0,0,1,0,1,1,1,0,0,0,0,0,0,0
Disease_269,0,0,0,0,0,0,0,0,0,0,0,0,1,0,1,0,0,0,0,1
Disease_270,0,1,0,0,1,1,0,0,1,1,1,1,0,1,0,1,0,1,0,0
Disease_271,1,1,0,1,0,1,0,0,0,0,0,1,1,0,1,0,0,0,1,0
Disease_272,1,0,1,1,0,1,0,0,0,1,1,0,1,1,0,1,0,1,0,1
Disease_273,0,0,0,1,0,1,1,1,1,0,1,0,0,1,0,0,0,1,0,0
Disease_274,1,1,0,0,1,0,0,1,0,0,0,0,0,1,1,1,1,1,0,0
Disease_275,0,0,0,0,1,1,0,0,0,1,1,0,1,0,1,1,1,0,0,1
Disease_276,0,0,0,1,1,0,0,0,1,0,0,0,0,1,1,1,0,1,0,1
Disease_277,0,1,1,0,0,1,1,1,1,1,0,0,1,0,0,1,1,0,1,0
Disease_278,0,0,0,0,0,1,1,1,0,0,0,0,0,0,0,1,0,0,1,1
Disease_279,0,0,0,1,1,1,0,0,0,0,0,1,1,0,0,0,0,0,0,1
Disease_280,0,1,0,1,0,0,1,0,0,0,0,1,1,1,1,0,0,0,1,0
Disease_281,1,1,0,0,1,0,0,1,0,0,1,1,1,0,0,0,1,0,1,0
Disease_282,0,1,1,0,0,1,0,0,1,1,0,0,0,0,0,0,0,0,0,1
Disease_283,0,0,0,0,1,0,1,0,1,0,0,1,0,0,1,0,0,0,0,0
Disease_284,1,0,0,0,0,1,0,1,0,0,0,0,0,0,0,1,1,0,1,0
Disease_285,0,0,1,1,0,0,0,1,1,0,0,0,0,0,1,0,1,0,0,1
Disease_286,0,0,1,0,0,1,1,0,0,0,0,0,1,1,0,1,0,0,0,0
Disease_287,0,0,0,0,0,0,0,0,0,0,1,0,0,1,0,1,1,0,0,0
Disease_288,1,0,0,0,1,1,0,0,1,0,1,1,1,0,1,1,0,1,0,0
Disease_289,1,0,0,0,0,0,0,0,1,0,0,1,0,0,1,0,0,1,0,0
Disease_290,0,0,0,0,0,0,1,0,0,0,0,0,0,1,0,1,0,0,0,0
Disease_291,0,0,0,1,0,1,0,0,0,1,1,0,1,0,0,0,1,0,1,0
Disease_292,0,1,1,0,0,0,1,0,0,0,0,0,0,1,0,0,1,1,0,0
Disease_293,1,0,0,1,0,0,1,1,0,0,1,1,0,0,1,0,0,0,1,1
Disease_294,0,0,1,0,1,0,0,0,0,0,0,1,0,1,1,0,0,0,0,1
Disease_295,1,0,0,0,0,0,0,1,0,1,0,0,0,0,0,1,1,0,0,0
Disease_296,1,0,0,0,1,0,1,0,0,1,1,0,1,0,1,0,1,0,1,1
Disease_297,0,1,0,1,1,1,0,0,0,1,1,1,1,0,0,0,0,0,0,1
Disease_298,0,1,0,1,0,0,0,1,0,0,0,0,0,1,0,1,1,0,1,0
Disease_299,0,0,1,1,1,0,1,0,0,1,0,0,0,1,1,1,0,1,0,0
Disease_300,1,0,0,0,0,0,1,1,1,0,0,0,0,1,0,0,0,1,0,0
Disease_301,1,0,0,0,0,1,0,0,1,0,0,0,1,0,0,0,0,0,0,1
Disease_302,0,0,0,0,1,1,0,0,0,0,1,1,1,0,0,0,1,0,0,0
Disease_303,1,1,0,1,0,0,0,1,1,0,0,1,0,0,1,1,0,0,0,1
Disease_304,1,0,0,0,0,1,0,0,0,0,0,0,0,0,0,0,1,0,1,0
Disease_305,0,0,0,0,1,0,0,0,0,1,1,1,0,0,0,0,1,1,0,0
Disease_306,1,0,0,0,0,0,0,0,0,0,0,0,1,1,0,0,1,0,0,0
Disease_307,0,0,0,0,1,0,1,0,1,0,0,1,0,1,0,0,1,0,1,0
Disease_308,0,0,0,1,0,1,0,0,0,0,0,1,0,0,0,0,1,0,0,0
Disease_309,1,0,0,0,1,0,0,1,0,1,1,0,1,0,0,0,0,1,1,1
Disease_310,0,0,0,0,0,1,1,0,0,0,0,0,0,0,0,1,0,1,0,0
Disease_311,0,1,0,0,1,0,1,0,0,1,0,0,0,1,1,0,1,1,0,1
Disease_312,1,0,0,0,1,0,1,0,0,0,0,0,0,1,1,0,0,1,0,1
Disease_313,0,1,0,0,0,1,1,0,0,1,0,0,0,0,0,0,0,0,0,0
Disease_314,0,1,1,0,0,1,0,0,0,0,0,0,1,1,0,0,0,1,0,0
Disease_315,0,1,0,1,0,0,0,0,1,1,1,0,1,1,1,1,1,0,1,0
Disease_316,1,0,0,0,0,0,0,1,0,0,0,0,0,0,0,0,1,0,0,0
Disease_317,1,0,0,0,0,1,0,1,0,0,0,0,0,0,1,0,0,1,0,0
Disease_318,0,0,1,0,0,0,0,0,0,0,0,0,0,0,0,0,1,0,0,0
Disease_319,0,1,0,0,0,0,0,0,0,0,1,1,0,0,1,0,0,0,1,1
Disease_320,0,0,0,0,1,0,0,0,0,0,1,0,0,0,0,0,0,0,1,1
Disease_321,0,0,0,0,0,1,1,0,1,0,0,0,0,0,0,0,0,0,1,0
Disease_322,1,0,0,0,0,0,1,0,1,0,0,1,1,0,1,0,1,0,0,0
Disease_323,0,1,0,0,0,1,0,1,0,0,1,0,0,0,1,0,0,0,0,0
Disease_324,1,0,0,0,0,1,0,0,1,1,0,0,0,0,1,0,1,0,0,0
Disease_325,0,1,1,1,0,0,0,1,0,0,0,1,1,1,0,1,0,0,0,0
Disease_326,0,0,0,0,0,0,1,0,0,0,1,1,0,0,0,0,0,0,0,1
Disease_327,1,0,0,0,0,1,0,1,0,1,1,0,0,1,1,1,0,0,0,0
Disease_328,0,1,0,0,0,0,0,0,1,1,0,0,0,0,1,0,0,0,0,0
Disease_329,0,0,0,0,0,1,0,0,0,0,0,0,1,0,1,0,0,0,0,0
Disease_330,0,0,0,0,0,0,0,0,1,0,0,0,0,0,0,1,1,0,0,1
Disease_331,0,1,0,1,0,1,0,0,0,0,0,0,0,0,0,0,0,0,0,0
Disease_332,0,0,0,0,1,0,1,0,1,1,0,1,1,0,1,0,0,0,0,0
Disease_333,1,0,0,0,0,0,1,0,1,0,0,1,1,0,0,0,0,1,0,0
Disease_334,0,0,0,0,0,0,0,0,0,0,0,0,1,0,0,0,1,0,0,0
Disease_335,0,0,0,1,1,0,1,1,0,1,1,0,0,0,1,0,0,0,1,0
Disease_336,0,1,1,1,0,0,0,0,0,1,1,0,1,0,1,1,0,1,0,0
Disease_337,0,0,1,0,1,1,1,0,0,0,0,0,0,0,1,0,0,0,0,1
Disease_338,0,0,0,1,0,1,0,0,0,0,0,0,0,0,0,1,0,1,0,0
Disease_339,0,0,0,1,0,0,0,0,1,1,0,0,0,0,0,1,0,1,0,1
Disease_340,0,0,1,0,1,0,0,0,0,0,1,0,0,0,0,1,0,1,0,0
Disease_341,1,1,0,0,1,0,0,1,0,1,0,0,1,0,0,0,1,0,1,1
Disease_342,1,0,0,0,1,0,1,0,0,0,1,0,0,0,0,0,0,0,0,0
Disease_343,0,0,0,1,0,0,1,1,0,0,0,0,0,1,1,1,0,0,0,0
Disease_344,1,1,0,0,0,0,0,1,0,0,0,1,0,0,0,1,1,0,1,1
Disease_345,0,1,0,0,1,0,0,1,0,0,0,0,1,0,0,1,0,0,0,0
Disease_346,0,0,0,1,0,1,1,1,0,0,1,1,0,0,0,0,0,0,0,1
Disease_347,0,0,0,0,0,0,1,0,0,0,1,1,0,1,1,1,0,0,0,0
Disease_348,0,0,0,0,0,0,0,0,0,1,1,0,0,1,0,1,0,0,0,1
Disease_349,0,1,0,0,0,0,1,0,0,0,0,0,1,0,0,0,0,1,1,1
Disease_350,0,0,0,0,0,0,0,1,1,0,0,0,0,0,0,0,0,1,0,0
Disease_351,1,1,0,1,0,1,0,1,1,0,0,0,0,1,0,0,1,0,0,0
Disease_352,0,0,1,0,0,1,1,1,0,0,0,1,1,0,0,0,0,1,0,0
Disease_353,0,1,0,0,0,1,0,0,0,1,1,0,0,0,0,1,1,0,0,1
Disease_354,0,0,1,1,1,0,1,0,0,1,0,0,0,0,0,0,0,1,0,0
Disease_355,0,0,0,0,0,0,1,0,1,0,1,0,1,0,1,0,1,0,0,0
Disease_356,0,0,0,1,0,0,0,0,0,1,0,1,1,0,0,0,0,0,0,0
Disease_357,0,1,0,0,1,0,0,1,1,1,0,0,1,0,1,1,0,0,1,0
Disease_358,0,0,1,0,0,1,0,0,0,0,0,1,0,1,0,0,1,0,1,1
Disease_359,0,1,0,1,0,1,0,0,1,1,0,0,1,0,0,1,1,0,1,0
Disease_360,0,1,0,0,0,0,0,1,1,1,0,0,0,0,0,1,0,0,0,0
Disease_361,1,0,0,1,0,0,0,0,0,0,1,0,1,0,0,0,1,0,0,0
Disease_362,0,1,0,0,1,1,0,0,0,0,1,0,0,0,0,1,0,1,0,0
Disease_363,1,1,1,1,1,0,0,0,0,1,0,0,0,1,0,0,1,0,0,0
Disease_364,1,0,0,0,0,0,0,0,0,0,0,0,0,0,0,0,0,1,0,1
Disease_365,0,1,0,0,0,1,1,1,0,1,0,0,0,0,0,0,1,0,0,1
Disease_366,0,0,1,0,0,0,1,0,0,1,0,0,0,1,1,1,1,0,0,0
Disease_367,0,0,0,0,0,1,0,0,0,0,0,0,1,0,0,0,1,0,0,0
Disease_368,0,0,0,0,0,0,0,1,0,0,0,0,0,1,0,0,1,0,0,1
Disease_369,1,1,1,0,0,0,0,0,1,0,0,0,1,1,1,0,0,1,1,1
Disease_370,0,0,1,0,0,0,1,0,0,1,0,0,0,0,0,0,1,0,1,1
Disease_371,1,1,0,0,0,0,1,0,0,0,0,0,1,0,1,0,0,0,0,1
Disease_372,0,1,0,0,1,0,1,0,1,0,0,1,0,1,0,0,1,0,0,0
Disease_373,0,0,0,1,1,1,0,0,0,1,1,1,0,0,0,0,0,0,0,0
Disease_374,0,0,0,0,0,0,0,1,0,0,0,0,1,0,1,1,0,0,0,0
Disease_375,1,1,0,0,0,0,0,0,0,1,0,1,0,0,0,0,1,0,0,1
Disease_376,0,1,0,0,1,0,0,1,0,0,0,0,0,0,0,0,1,0,1,0
Disease_377,1,0,1,0,0,0,0,1,0,0,0,0,0,0,0,0,1,0,0,0
Disease_378,0,0,0,0,0,0,0,0,0,0,0,0,0,1,0,0,1,1,0,0
Disease_379,0,0,0,0,0,0,0,1,1,0,0,0,1,0,0,1,0,0,0,1
Disease_380,0,1,0,0,1,1,0,0,1,0,1,0,1,0,1,0,1,1,0,0
Disease_381,1,0,1,1,1,1,1,0,0,0,0,0,0,1,0,0,1,1,0,0
Disease_382,0,1,0,1,0,0,1,0,1,0,0,0,0,1,0,0,1,1,0,0
Disease_383,0,0,1,0,0,0,1,0,0,1,1,0,0,1,0,1,0,0,1,1
Disease_384,0,1,1,1,1,0,1,0,0,0,1,1,0,0,0,0,1,0,1,0
Disease_385,0,1,0,0,0,1,0,0,0,0,1,1,0,1,0,0,0,1,0,0
Disease_386,0,0,1,0,0,1,0,0,1,0,0,0,0,0,0,0,1,0,0,0
Disease_387,1,0,0,0,0,0,0,0,0,0,1,0,0,0,1,0,1,0,0,0
Disease_388,1,1,0,0,0,0,1,1,0,1,1,0,0,0,1,0,0,0,0,0
Disease_389,0,0,0,0,0,0,0,1,0,0,0,0,0,1,0,0,1,0,0,0
Disease_390,0,0,0,0,0,0,0,0,1,1,0,0,0,0,1,0,1,0,1,0
Disease_391,1,0,0,0,0,0,0,0,0,0,0,0,0,0,0,0,1,0,0,0
Disease_392,0,1,1,1,0,0,0,0,1,0,0,0,1,0,0,0,0,0,0,1
Disease_393,0,0,1,1,0,0,0,0,0,1,0,1,0,0,0,0,0,0,0,0
Disease_394,0,0,0,0,0,0,1,0,0,0,1,1,0,0,0,0,0,0,0,1
Disease_395,0,0,0,0,1,0,1,1,0,0,0,0,0,1,0,0,0,0,0,1
Disease_396,0,0,0,0,1,0,1,0,0,0,0,1,0,1,1,0,0,0,0,0
Disease_397,1,0,0,0,0,1,0,0,0,0,0,1,0,0,1,0,0,0,0,0
Disease_398,0,1,1,0,1,1,0,1,1,0,0,0,0,1,0,0,1,0,1,0
Disease_399,0,0,0,0,1,1,0,1,1,0,1,0,0,1,0,1,0,0,0,1
Disease_400,0,0,1,0,0,1,1,0,0,0,0,0,0,0,0,1,0,0,0,0
Disease_401,0,0,0,1,0,0,1,1,0,0,0,0,0,0,1,0,0,0,0,0
Disease_402,1,0,0,0,0,0,1,1,0,0,1,0,0,0,0,1,1,0,0,0
Disease_403,1,1,0,0,0,1,0,1,1,0,1,0,1,0,1,1,0,0,1,1
Disease_404,0,0,0,0,0,0,0,0,1,1,1,1,0,0,1,1,1,0,0,0
Disease_405,1,0,0,0,0,1,0,1,1,0,0,0,0,1,0,0,0,0,0,1
Disease_406,0,0,1,0,0,1,0,0,0,0,0,0,0,1,1,0,1,0,1,1
Disease_407,0,0,0,0,0,1,0,0,1,0,0,0,0,0,1,1,0,0,0,1
Disease_408,1,0,1,0,0,1,0,1,0,0,0,0,0,0,0,1,0,0,1,1
Disease_409,0,1,0,0,0,0,0,0,0,0,0,0,0,1,0,0,0,1,0,1
Disease_410,0,1,1,0,1,1,1,0,0,0,1,1,0,0,0,0,0,0,0,0
Disease_411,1,1,1,0,0,0,1,0,0,0,1,0,1,1,1,0,1,0,1,0
Disease_412,1,1,0,1,0,1,1,0,0,0,0,1,1,0,0,0,0,1,0,1
Disease_413,0,0,1,0,0,0,1,0,0,0,1,0,0,0,0,0,0,1,0,1
Disease_414,0,0,1,0,0,0,1,0,0,1,0,1,1,0,0,1,0,0,1,0
Disease_415,0,1,0,0,0,1,0,0,0,0,1,0,1,0,0,1,1,1,0,0
Disease_416,0,0,0,0,1,0,0,1,0,1,0,0,0,0,1,0,0,0,0,1
Disease_417,0,0,0,1,0,1,0,0,0,0,0,0,1,0,1,0,0,0,0,0
Disease_418,0,0,0,0,0,0,0,1,0,0,1,1,0,1,0,0,0,1,1,0
Disease_419,1,0,0,0,1,1,0,1,0,0,1,1,1,1,0,0,0,1,1,0
Disease_420,0,1,0,0,1,0,1,0,0,0,0,0,1,0,0,1,0,1,0,0
Disease_421,0,0,0,0,1,0,1,0,0,0,1,1,0,0,0,1,0,0,0,0
Disease_422,0,0,1,0,0,0,0,1,0,1,0,0,0,0,0,0,1,0,1,0
Disease_423,1,0,1,0,0,0,0,0,1,0,1,0,0,0,0,1,0,0,1,0
Disease_424,0,0,0,0,0,1,0,0,0,0,0,0,0,0,0,0,0,0,0,1
Disease_425,1,0,0,1,1,1,0,0,0,1,1,1,0,0,0,0,1,0,0,0
Disease_426,1,1,1,0,0,0,1,0,0,0,1,0,0,0,1,1,0,1,0,0
Disease_427,0,0,1,0,1,0,0,1,0,0,0,0,0,0,1,1,1,0,0,0
Disease_428,0,1,1,1,0,1,0,1,0,1,1,0,0,0,0,1,0,0,1,0
Disease_429,0,0,0,0,0,1,0,0,0,0,0,1,0,0,0,1,0,0,0,0
Disease_430,0,0,0,0,0,0,0,1,0,1,0,0,1,0,0,0,0,0,0,0
Disease_431,1,1,0,0,1,0,0,0,0,0,0,0,0,1,0,0,1,0,0,0
Disease_432,1,1,0,0,0,1,0,0,0,1,0,0,0,1,0,0,0,0,0,1
Disease_433,1,1,1,0,0,0,0,0,0,1,0,0,0,0,0,1,0,0,0,0
Disease_434,0,0,0,0,0,0,1,0,1,1,1,0,0,0,0,1,1,1,0,0
Disease_435,0,0,0,0,1,0,0,0,0,1,0,1,1,1,0,0,0,0,0,0
Disease_436,1,1,1,0,0,0,0,0,0,0,0,1,0,1,0,0,1,0,0,0
Disease_437,0,0,0,0,1,0,0,0,0,0,0,0,0,1,0,1,0,0,0,0
Disease_438,1,0,0,1,0,0,1,0,0,1,1,0,0,0,1,0,0,0,0,1
Disease_439,0,1,1,0,0,1,0,1,1,1,1,1,0,0,1,0,1,0,1,0
Disease_440,1,0,0,1,1,0,0,0,1,1,0,1,1,0,0,0,1,0,0,0
Disease_441,0,0,0,0,0,0,0,0,0,1,0,0,1,0,0,0,0,0,0,0
Disease_442,0,1,1,0,1,0,1,0,1,1,0,0,1,0,1,0,1,0,0,1
Disease_443,1,1,1,0,0,0,0,0,0,0,0,1,0,0,0,0,0,0,0,0
Disease_444,0,1,0,0,1,0,0,0,0,1,0,0,1,1,0,0,1,0,0,0
Disease_445,1,0,0,0,0,0,0,0,0,1,0,0,0,1,0,1,0,0,0,0
Disease_446,0,0,1,1,0,0,1,0,0,1,1,0,0,0,0,0,0,1,0,0
Disease_447,0,0,1,0,0,1,0,0,0,0,0,0,0,0,1,0,0,0,0,1
Disease_448,1,1,1,1,0,1,0,0,0,0,0,1,0,0,0,0,1,0,1,0
Disease_449,1,0,0,0,0,0,1,0,1,0,0,0,0,0,0,0,1,0,1,1
Disease_450,0,1,1,1,1,0,0,0,1,0,0,0,0,0,0,0,0,0,0,0
Disease_451,0,0,0,1,0,0,0,0,0,0,0,0,0,0,0,0,0,0,1,0
Disease_452,0,1,0,0,0,1,0,0,1,1,0,0,0,0,0,0,0,0,1,0
Disease_453,0,0,1,0,1,1,0,1,0,1,0,0,0,1,0,0,1,0,0,0
Disease_454,0,0,0,0,0,0,1,0,0,0,0,0,0,0,0,0,0,1,0,0
Disease_455,0,0,1,0,0,0,0,0,0,0,0,0,1,0,0,0,1,0,0,1
Disease_456,1,0,0,0,0,0,0,0,0,0,1,0,0,0,0,1,0,0,0,1
Disease_457,0,0,0,1,0,1,0,0,0,0,0,0,0,0,0,1,1,0,1,0
Disease_458,0,0,1,0,0,0,0,1,0,0,0,0,0,1,0,1,1,1,0,0
Disease_459,0,0,0,0,0,1,0,0,0,1,0,0,0,0,1,0,0,1,0,1
Disease_460,0,0,1,0,0,0,0,0,1,0,0,0,0,0,0,0,0,0,0,0
Disease_461,0,0,1,1,0,1,0,0,0,0,0,0,1,0,0,0,0,1,0,0
Disease_462,0,1,0,0,1,0,0,0,0,1,0,1,1,0,0,0,1,1,0,0
Disease_463,0,1,0,0,0,1,0,0,0,1,0,1,0,0,0,1,0,0,0,0
Disease_464,0,1,1,0,0,0,1,0,0,0,1,0,0,0,0,0,0,1,1,1
Disease_465,0,0,1,0,0,0,0,0,1,1,0,0,1,1,1,0,1,0,1,0
Disease_466,1,1,0,0,0,0,1,0,1,0,0,1,0,1,0,0,0,0,0,0
Disease_467,0,0,0,0,1,0,0,0,1,1,1,0,0,0,0,0,0,0,0,1
Disease_468,0,1,1,0,1,0,0,0,0,1,1,0,1,1,0,1,0,0,0,0
Disease_469,1,0,0,0,0,0,1,0,0,0,0,0,0,1,0,1,0,0,0,0
Disease_470,0,0,0,0,0,1,0,0,0,0,0,0,1,0,1,0,0,0,0,0
Disease_471,0,1,0,0,1,0,0,0,1,1,0,0,1,1,0,0,0,0,0,0
Disease_472,0,1,0,0,0,0,0,1,0,0,0,1,0,0,0,1,0,1,0,0
Disease_473,0,0,0,0,0,1,0,0,0,1,0,0,0,0,0,0,0,1,0,0
Disease_474,0,0,0,0,0,0,1,1,1,0,0,0,1,0,0,1,0,0,0,1
Disease_475,0,0,0,1,0,0,1,0,0,1,0,1,0,0,0,0,0,0,0,0
Disease_476,1,1,0,0,0,0,0,0,0,0,1,1,0,1,0,0,1,0,0,0
Disease_477,1,1,0,0,0,1,0,0,0,0,0,0,0,0,0,0,1,0,1,1
Disease_478,0,0,0,1,1,0,1,1,1,1,0,0,0,0,0,0,1,0,0,0
Disease_479,0,0,1,1,1,0,1,0,0,0,1,1,0,1,1,1,0,0,1,1
Disease_480,0,0,0,0,0,1,1,1,0,0,0,1,0,0,0,1,1,0,0,0
Disease_481,0,0,0,0,1,0,0,0,1,0,0,0,1,1,0,0,0,0,0,0
Disease_482,0,0,0,0,0,0,0,1,0,1,0,0,0,1,0,0,0,0,0,0
Disease_483,0,0,0,0,1,0,1,0,1,0,1,0,1,0,0,0,0,0,1,1
Disease_484,0,0,0,1,0,0,1,0,0,0,1,0,0,0,1,1,1,0,1,0
Disease_485,0,0,1,0,0,0,0,1,0,0,0,0,1,0,0,0,0,0,1,0
Disease_486,0,0,0,0,1,0,0,1,0,1,0,0,0,1,0,0,0,0,1,0
Disease_487,0,0,1,1,0,0,0,0,0,0,0,1,0,0,0,0,0,1,1,1
Disease_488,0,0,0,1,1,0,0,0,0,0,1,0,1,0,0,0,0,1,0,0
Disease_489,0,0,1,1,0,0,1,1,0,0,0,0,0,0,0,0,0,0,0,0
Disease_490,0,0,0,0,0,0,1,1,1,0,1,1,1,0,1,1,1,0,0,0
Disease_491,0,0,0,0,1,0,0,0,0,1,0,0,1,0,0,0,0,0,0,0
Disease_492,0,1,0,1,0,0,1,1,0,0,0,0,0,0,0,0,0,0,0,0
Disease_493,0,0,0,0,0,0,0,0,0,0,0,0,1,0,0,0,0,0,0,0
Disease_494,0,0,0,0,0,0,0,1,1,0,1,0,1,0,0,0,1,0,0,0
Disease_495,0,0,0,0,0,0,0,0,0,0,0,0,0,1,0,1,0,1,0,0
Disease_496,1,0,0,1,1,0,1,0,0,0,1,0,0,0,0,0,0,0,0,1
Disease_497,1,0,0,1,1,1,1,0,0,0,1,1,0,0,1,0,0,0,1,0
Disease_498,0,0,0,0,0,1,0,0,0,0,0,1,1,0,1,1,0,0,1,1
Disease_499,0,0,0,0,1,0,0,1,1,0,0,0,0,0,0,0,1,0,0,1
Disease_500,0,0,0,1,1,0,1,0,0,0,0,0,0,1,1,1,0,0,1,0
Disease_501,1,1,1,1,1,1,0,0,1,0,0,0,0,0,1,0,0,0,0,1
Disease_502,0,0,0,0,0,1,0,0,0,0,1,0,1,1,0,1,0,0,0,0
Disease_503,0,1,1,0,0,0,0,1,0,0,1,0,1,0,1,0,1,1,1,0
Disease_504,0,1,0,0,0,0,0,1,0,0,0,1,0,0,0,0,0,0,1,1
Disease_505,1,0,0,0,0,0,0,0,0,1,0,0,0,0,1,0,0,0,0,0
Disease_506,1,0,0,1,0,1,0,1,0,0,0,0,0,1,0,0,1,0,1,0
Disease_507,0,1,0,1,0,0,0,0,0,0,0,0,1,0,0,1,0,1,0,0
Disease_508,1,1,0,0,1,0,0,1,0,0,0,0,1,1,1,0,1,0,0,0
Disease_509,1,0,0,1,0,0,0,0,1,1,0,1,0,1,0,0,1,0,0,1
Disease_510,0,0,0,1,0,1,0,0,0,1,0,0,0,0,1,1,1,0,0,0
Disease_511,1,0,0,1,1,0,0,0,0,0,0,1,0,0,0,0,0,0,0,0
Disease_512,0,1,1,0,0,0,1,0,0,1,1,1,1,0,0,0,0,0,0,0
Disease_513,0,1,0,0,0,0,0,0,0,1,0,0,1,1,0,1,1,0,0,1
Disease_514,1,0,1,0,1,0,0,0,0,0,0,0,0,0,1,0,0,0,0,0
Disease_515,0,1,0,0,0,1,0,0,0,0,1,0,0,0,0,1,0,0,0,0
Disease_516,0,0,0,0,0,0,1,1,0,0,1,0,1,0,1,0,1,0,1,1
Disease_517,0,1,1,0,0,0,0,0,0,0,0,0,0,0,1,0,1,0,0,1
Disease_518,1,1,1,0,0,0,1,1,1,1,0,1,1,0,0,0,1,0,0,0
Disease_519,1,1,0,0,0,1,1,0,0,1,0,0,0,0,1,0,0,1,1,1
Disease_520,0,0,0,1,1,1,0,0,0,1,0,1,1,1,0,0,0,0,0,0
Disease_521,0,0,1,1,1,0,1,0,1,1,0,0,0,0,1,1,0,0,0,0
Disease_522,1,1,0,1,0,0,0,1,1,1,0,0,1,0,0,0,1,0,0,0
Disease_523,1,1,0,1,0,0,1,0,0,0,0,1,0,0,0,0,0,0,0,0
Disease_524,0,0,1,0,0,0,1,0,0,0,0,1,1,0,0,0,0,0,1,0
Disease_525,1,0,1,1,1,0,0,0,1,1,0,1,1,0,0,0,0,1,0,0
Disease_526,0,0,0,0,1,0,1,0,1,1,1,1,1,0,0,0,0,0,1,1
Disease_527,0,1,0,1,0,1,0,0,1,0,0,0,0,1,0,0,0,1,0,0
Disease_528,0,0,0,0,0,0,1,0,0,0,1,1,0,0,1,1,1,0,0,0
Disease_529,1,0,0,1,0,0,1,0,0,0,0,1,0,0,0,0,1,0,0,0
Disease_530,0,0,0,0,1,0,1,1,0,1,0,0,0,0,0,1,0,0,1,0
Disease_531,0,1,1,0,0,0,0,0,0,0,0,1,1,1,0,0,0,1,0,0
Disease_532,0,0,0,0,1,0,0,0,0,0,1,0,0,1,0,0,0,0,0,0
Disease_533,0,1,1,1,0,0,1,0,0,0,1,0,0,0,1,0,1,0,0,0
Disease_534,0,0,1,0,1,0,0,0,1,0,1,1,0,0,0,1,0,1,0,0
Disease_535,0,0,0,0,0,0,0,0,1,0,1,0,1,0,1,1,0,1,0,0
Disease_536,1,0,1,0,0,0,0,0,0,1,0,0,1,0,0,1,0,0,1,0
Disease_537,0,1,0,0,0,1,1,0,0,0,0,0,0,1,0,0,0,1,1,1
Disease_538,1,1,0,0,1,0,1,0,0,0,0,0,0,0,0,0,0,0,1,0
Disease_539,0,0,0,0,1,0,0,0,0,1,0,1,1,0,1,0,0,1,0,0
Disease_540,1,0,0,0,0,1,0,0,0,1,0,0,0,0,0,0,1,0,0,1
Disease_541,0,0,1,1,1,0,0,0,0,1,0,1,0,0,1,0,0,1,0,0
Disease_542,0,1,1,0,1,0,0,0,0,0,0,1,0,0,0,1,0,0,0,0
Disease_543,0,0,0,0,0,1,0,0,0,0,0,0,0,0,0,0,0,1,1,0
Disease_544,0,0,0,1,0,1,0,0,0,0,0,0,0,1,0,0,0,0,1,1
Disease_545,0,1,1,1,1,0,0,0,0,1,0,1,0,0,0,0,0,1,0,0
Disease_546,1,0,0,0,0,0,0,0,0,1,0,1,0,1,0,0,0,0,0,0
Disease_547,0,1,0,1,1,0,0,0,0,1,0,1,0,1,0,0,0,0,0,0
Disease_548,1,0,0,1,1,0,0,0,0,0,1,0,1,0,1,0,0,0,0,0
Disease_549,0,1,1,0,0,0,0,1,1,0,0,0,0,0,0,0,1,0,0,0
Disease_550,0,1,1,0,0,0,0,0,1,1,1,1,1,0,0,1,0,0,1,0
Disease_551,0,0,0,0,0,0,0,0,1,1,0,0,0,0,0,0,0,1,0,0
Disease_552,0,0,0,0,0,1,1,0,0,0,0,1,1,0,0,0,0,0,1,0
Disease_553,0,1,0,0,1,1,0,0,0,1,0,0,1,0,0,0,0,0,0,0
Disease_554,0,1,0,1,1,0,0,0,0,0,1,0,1,0,1,0,1,1,1,0
Disease_555,0,0,0,1,0,1,0,0,0,1,1,1,1,1,0,0,0,0,0,0
Disease_556,0,0,0,1,0,1,1,1,0,0,0,1,0,0,0,0,0,1,0,1
Disease_557,1,0,0,1,1,0,0,1,0,0,1,1,0,0,0,0,1,1,0,0
Disease_558,0,1,0,0,0,0,1,1,0,0,0,1,0,0,0,0,0,0,1,1
Disease_559,0,0,0,0,0,1,1,0,1,0,0,0,0,1,0,0,0,0,0,0
Disease_560,0,1,0,0,0,0,0,0,0,0,0,0,1,0,0,0,0,0,0,1
Disease_561,0,0,1,0,0,0,0,0,1,1,0,0,0,0,1,1,1,0,1,0
Disease_562,0,0,1,0,0,0,0,0,1,0,1,0,0,0,1,1,1,0,0,0
Disease_563,0,0,0,0,1,0,0,0,0,0,1,0,1,1,0,1,0,1,1,0
Disease_564,0,1,0,0,1,1,0,0,0,0,0,0,0,1,0,0,0,0,0,0
Disease_565,0,0,0,0,1,1,0,0,1,1,1,0,0,1,0,0,1,0,1,0
Disease_566,1,0,1,0,0,0,0,1,1,1,0,1,0,0,1,1,0,0,0,0
Disease_567,0,0,0,1,1,0,1,1,1,1,0,0,1,1,0,0,0,0,0,0
Disease_568,1,0,0,0,0,0,0,0,0,1,1,0,0,0,0,1,0,0,0,0
Disease_569,0,0,0,0,0,0,1,1,1,0,0,0,1,1,0,0,0,0,1,1
Disease_570,1,0,0,0,0,1,0,0,0,1,1,0,0,1,1,0,0,1,0,1
Disease_571,0,0,0,0,0,0,0,0,0,0,1,0,0,0,0,0,1,1,0,1
Disease_572,0,0,0,1,0,0,0,1,0,0,1,0,0,0,1,0,0,1,0,1
Disease_573,1,0,0,0,1,1,1,0,0,0,0,1,0,0,0,1,0,0,1,1
Disease_574,0,0,0,0,0,1,0,0,0,0,1,0,0,0,0,0,0,1,1,0
Disease_575,0,0,0,1,1,0,1,0,1,1,0,0,0,0,0,1,0,1,1,0
Disease_576,0,0,1,0,1,0,0,0,0,0,0,1,1,1,1,0,0,1,0,0
Disease_577,0,0,0,0,0,0,0,0,1,0,0,0,1,1,0,0,1,0,0,0
Disease_578,1,1,1,0,0,1,0,0,0,0,0,0,1,1,0,0,0,0,0,0
Disease_579,0,0,0,1,1,1,0,0,1,0,0,1,0,0,0,1,1,0,0,0
Disease_580,1,0,0,0,0,0,0,0,0,0,1,0,0,0,0,0,0,0,0,0
Disease_581,1,1,0,0,1,0,0,0,1,1,0,0,0,0,1,1,1,1,0,0
Disease_582,0,1,1,0,0,1,1,1,0,0,0,0,1,0,1,0,0,1,0,0
Disease_583,0,0,0,0,0,0,0,0,0,0,0,0,0,0,0,0,0,0,0,1
Disease_584,0,0,0,1,0,0,0,0,0,0,1,0,0,0,1,1,0,0,0,1
Disease_585,0,0,0,0,0,1,0,0,1,0,1,0,0,0,0,0,1,0,1,0
Disease_586,0,1,0,0,0,0,0,0,0,0,1,0,0,0,1,0,1,1,1,0
Disease_587,0,0,0,0,0,1,0,0,0,1,0,0,1,1,1,0,0,1,0,0
Disease_588,1,1,0,0,0,0,0,0,0,1,0,0,0,1,0,0,0,0,1,0
Disease_589,0,1,1,0,0,0,0,0,1,0,0,0,0,1,0,0,0,0,0,0
Disease_590,0,1,1,0,0,0,0,0,0,0,0,0,0,0,0,0,1,0,0,1
Disease_591,1,1,1,0,0,0,0,0,0,0,0,0,1,1,0,0,1,0,0,0
Disease_592,1,0,1,0,0,0,0,1,0,1,0,0,0,0,0,0,1,0,0,0
Disease_593,0,1,0,0,0,0,0,1,1,1,0,0,0,1,0,1,0,1,1,0
Disease_594,1,0,0,1,0,1,0,1,0,0,0,0,0,1,0,1,0,0,0,0
Disease_595,1,0,1,0,0,1,0,0,0,0,0,0,0,1,0,1,0,1,1,1
Disease_596,0,0,1,1,1,0,0,1,0,0,0,1,0,1,1,1,0,0,0,0
Disease_597,0,0,1,0,0,0,0,1,1,1,0,1,0,1,1,0,1,1,1,0
Disease_598,0,0,0,0,0,0,1,0,0,0,1,0,0,0,0,0,1,0,0,0
Disease_599,0,1,1,0,1,0,0,0,0,0,0,0,0,1,0,1,0,0,0,1
Disease_600,0,1,0,0,0,0,0,0,0,1,0,1,1,0,1,1,0,0,1,0
Disease_601,1,1,0,0,0,1,0,0,0,0,0,0,0,1,1,0,0,1,0,1
Disease_602,1,0,0,1,1,0,0,0,1,1,1,0,0,0,0,0,0,0,0,1
Disease_603,0,1,0,1,1,0,0,1,0,1,1,0,1,1,0,1,0,0,0,0
Disease_604,0,0,0,0,1,0,1,0,1,0,1,1,0,1,0,0,0,0,0,1
Disease_605,1,0,0,0,1,0,0,0,1,0,0,0,0,0,0,0,0,0,0,0
Disease_606,0,0,0,0,1,0,0,1,0,0,1,0,0,0,0,0,1,1,0,0
Disease_607,0,0,1,0,0,0,0,0,0,1,1,0,0,0,0,0,1,0,0,1
Disease_608,0,0,1,0,0,0,1,0,0,0,1,0,0,1,0,0,0,0,0,1
Disease_609,1,1,1,0,0,0,0,0,0,1,0,1,0,0,1,0,0,0,1,0
Disease_610,0,0,1,0,1,0,0,0,0,0,1,0,1,0,0,0,1,0,0,0
Disease_611,1,0,0,0,1,1,1,0,0,0,0,0,1,1,0,0,1,0,0,0
Disease_612,0,1,0,0,0,0,1,0,0,0,0,0,0,0,1,0,0,0,1,0
Disease_613,0,0,0,1,1,0,0,0,0,0,0,0,1,0,0,1,0,0,0,0
Disease_614,0,0,1,0,0,0,0,0,0,0,0,0,0,1,1,0,0,0,1,0
Disease_615,0,0,1,0,0,0,0,0,0,0,0,0,0,0,1,0,1,0,0,0
Disease_616,0,1,0,0,0,0,0,0,0,0,0,0,0,0,0,0,0,0,0,1
Disease_617,0,0,1,1,0,0,0,0,0,0,1,1,0,0,0,1,1,0,0,0
Disease_618,0,1,1,0,1,1,0,1,0,0,0,0,1,0,0,1,0,0,0,0
Disease_619,1,1,1,0,0,1,1,0,0,0,1,0,0,1,1,0,0,0,0,0
Disease_620,1,0,0,0,1,0,0,1,0,0,0,0,0,0,0,1,0,0,0,1
Disease_621,0,0,0,1,0,0,1,1,0,0,0,0,0,0,0,1,1,1,0,0
Disease_622,0,0,0,0,0,0,0,0,0,0,0,0,1,0,0,0,0,1,0,1
Disease_623,0,0,1,0,1,1,1,0,0,0,1,1,0,1,0,0,1,0,0,0
Disease_624,1,0,0,0,1,0,1,0,0,0,1,1,0,0,0,1,0,1,1,0
Disease_625,0,1,1,0,1,0,0,0,1,0,1,0,1,1,0,0,0,0,1,0
Disease_626,0,0,0,1,0,1,0,0,1,1,0,1,0,1,1,0,1,0,0,0
Disease_627,0,0,0,0,0,0,0,0,1,0,0,0,0,0,1,0,0,0,0,0
Disease_628,0,1,0,1,0,0,1,0,1,1,1,0,0,0,1,0,0,0,1,0
Disease_629,0,0,0,0,0,1,0,0,0,0,1,0,1,1,0,1,0,0,1,1
Disease_630,0,1,1,1,0,0,0,1,1,1,0,0,1,0,0,0,0,0,0,0
Disease_631,0,0,0,0,0,0,1,0,0,0,1,0,0,0,0,0,0,1,1,0
Disease_632,0,0,0,0,1,0,0,0,0,0,1,0,0,1,0,0,1,0,1,0
Disease_633,0,1,0,0,0,0,0,1,1,0,0,1,0,0,0,0,1,0,0,1
Disease_634,0,0,1,0,0,1,0,0,1,0,0,0,0,1,1,0,0,1,0,1
Disease_635,0,0,0,0,0,0,0,0,0,0,1,0,0,0,0,0,1,0,0,0
Disease_636,0,1,1,1,0,0,0,0,0,1,1,0,0,0,0,0,1,0,1,0
Disease_637,0,0,0,0,1,0,1,0,0,0,0,0,0,0,0,0,1,0,0,0
Disease_638,0,1,0,1,0,1,1,0,0,0,0,0,0,0,1,0,0,0,0,0
Disease_639,0,0,0,0,1,1,0,0,0,0,0,1,0,0,0,1,1,0,0,0
Disease_640,1,1,0,0,0,0,0,1,0,1,1,1,1,0,0,1,1,1,1,1
Disease_641,0,0,0,0,0,1,0,0,0,0,0,1,1,0,0,0,1,0,0,0
Disease_642,1,0,0,1,0,0,0,0,0,1,0,1,0,0,0,0,1,0,0,0
Disease_643,0,0,0,0,0,0,1,0,0,0,0,0,0,0,0,0,0,0,0,0
Disease_644,0,0,0,1,0,1,0,0,1,0,0,0,0,0,1,0,0,0,0,0
Disease_645,1,0,0,1,1,1,0,0,0,0,1,0,0,0,0,0,0,0,0,1
Disease_646,0,1,0,0,1,0,0,1,0,0,0,1,0,0,0,0,0,0,0,0
Disease_647,0,0,0,1,0,0,0,0,0,0,0,0,0,1,0,0,0,1,0,0
Disease_648,0,1,0,0,1,0,1,0,1,1,0,0,0,0,0,0,1,1,0,0
Disease_649,0,1,0,0,0,0,0,0,0,1,0,0,0,0,0,0,0,0,0,0
Disease_650,0,0,0,0,0,1,1,1,1,0,1,0,0,0,0,1,0,0,0,0
Disease_651,1,0,0,1,1,0,0,0,0,0,1,1,0,1,0,0,0,0,1,0
Disease_652,0,0,0,0,0,0,0,0,1,0,0,1,0,0,0,0,0,1,1,1
Disease_653,0,1,0,0,0,1,0,0,0,0,0,0,0,0,1,0,0,1,0,0
Disease_654,0,0,1,0,1,1,0,0,0,0,0,0,0,0,0,1,0,0,1,1
Disease_655,0,0,0,0,0,0,0,1,0,0,0,0,1,1,1,1,1,0,0,1
Disease_656,0,0,0,0,0,1,0,0,1,0,1,1,0,0,1,0,0,0,0,0
Disease_657,0,0,1,1,0,1,0,0,0,0,0,0,1,1,1,1,0,1,0,0
Disease_658,1,0,1,1,1,1,0,1,0,1,0,1,1,0,1,0,0,0,1,0
Disease_659,1,0,1,1,1,0,0,1,0,1,0,1,1,0,0,0,1,0,0,0
Disease_660,0,1,1,1,0,1,0,0,0,0,1,0,0,1,0,1,0,0,1,0
Disease_661,1,0,0,0,0,1,0,0,1,0,0,1,0,1,1,0,1,0,0,1
Disease_662,1,0,0,0,0,0,0,0,0,0,1,1,1,1,0,0,0,0,0,1
Disease_663,1,0,0,0,0,0,0,1,0,0,0,0,0,1,0,0,0,0,0,1
Disease_664,0,1,0,0,0,1,1,0,0,0,0,0,0,0,0,0,0,0,1,0
Disease_665,1,0,1,0,1,1,0,0,0,0,0,0,0,0,0,1,1,0,0,0
Disease_666,1,0,0,0,1,0,0,0,0,0,0,0,0,1,0,0,1,0,0,0
Disease_667,1,0,0,0,0,0,0,0,0,0,0,0,0,0,0,1,1,0,0,0
Disease_668,1,0,0,1,0,1,1,0,0,0,0,0,0,0,0,1,0,0,0,0
Disease_669,0,1,0,0,0,1,0,0,0,0,1,1,1,0,1,1,0,0,0,0
Disease_670,1,0,0,0,0,0,0,1,0,0,1,1,0,1,0,1,0,1,0,0
Disease_671,0,0,0,1,0,0,0,1,1,0,1,1,1,0,0,0,0,0,0,1
Disease_672,1,0,0,0,0,1,0,0,0,0,0,0,1,0,0,0,1,0,0,1
Disease_673,0,0,1,0,0,1,0,0,1,0,1,0,0,0,0,1,0,1,0,0
Disease_674,0,0,0,1,0,1,1,0,0,0,1,0,1,0,0,1,1,1,0,0
Disease_675,0,0,0,0,0,1,1,0,0,0,1,0,0,0,0,0,0,1,1,0
Disease_676,1,0,0,0,1,1,0,0,0,0,0,1,1,0,0,0,0,0,1,0
Disease_677,1,1,0,0,0,0,0,0,1,1,0,1,0,0,0,1,0,0,1,0
Disease_678,0,0,0,0,1,0,0,0,0,0,0,0,0,0,0,1,1,0,1,0
Disease_679,0,0,0,0,1,0,0,0,1,0,0,0,1,0,1,1,1,0,0,0
Disease_680,0,0,0,0,0,0,0,1,0,0,1,0,1,0,0,0,0,0,0,1
Disease_681,0,1,0,0,0,1,0,0,0,0,0,0,0,0,0,0,1,0,0,0
Disease_682,0,0,1,1,0,0,0,1,0,0,0,1,0,0,0,1,0,0,0,0
Disease_683,0,0,0,1,0,0,0,0,0,1,0,0,0,0,0,0,1,1,1,1
Disease_684,1,1,0,0,0,0,0,0,0,0,1,0,1,0,0,0,1,0,0,1
Disease_685,0,0,0,1,0,0,0,0,0,0,1,0,0,1,1,0,0,1,0,0
Disease_686,0,0,0,0,0,0,0,0,0,0,0,1,0,1,1,0,0,0,0,0
Disease_687,0,0,0,0,1,0,1,0,0,1,1,0,1,0,0,0,1,1,0,0
Disease_688,0,0,1,1,0,0,0,0,1,0,0,0,0,1,0,0,0,0,1,0
Disease_689,0,1,0,1,1,0,0,0,0,1,0,1,1,0,1,0,0,1,0,0
Disease_690,1,1,0,0,1,0,0,0,0,0,1,0,0,0,1,0,0,0,1,1
Disease_691,0,0,0,1,0,0,0,0,0,0,0,0,1,0,0,1,0,0,1,0
Disease_692,1,1,0,1,0,0,0,0,0,0,0,0,0,1,0,0,0,0,0,0
Disease_693,0,0,0,0,1,0,0,0,1,0,0,0,0,0,0,0,0,0,0,0
Disease_694,1,0,0,1,0,0,0,1,0,1,0,1,0,1,0,0,1,1,0,0
Disease_695,1,0,0,0,0,0,0,0,1,1,0,0,0,0,0,1,0,0,1,0
Disease_696,0,0,1,0,0,0,1,0,1,0,1,0,0,1,0,1,1,1,1,0
Disease_697,1,0,0,1,0,1,0,1,1,1,0,1,1,0,0,1,0,1,0,0
Disease_698,0,0,1,0,0,1,1,1,0,0,0,1,0,1,1,0,1,0,0,1
Disease_699,0,0,0,1,0,0,1,1,1,0,1,0,0,0,1,0,0,0,0,0
Disease_700,0,0,0,0,0,0,1,1,0,0,0,0,0,1,1,0,0,1,0,0
Disease_701,0,1,0,1,0,0,0,0,1,0,0,0,1,0,0,1,0,0,0,0
Disease_702,1,0,0,1,0,0,0,1,1,0,0,0,1,0,1,1,1,0,0,0
Disease_703,1,0,1,0,0,0,0,1,0,1,0,0,0,1,0,0,0,1,0,1
Disease_704,0,1,0,0,1,1,1,0,0,0,0,1,0,0,1,0,0,0,0,0
Disease_705,0,1,0,0,0,1,0,0,0,0,0,0,1,0,0,0,0,1,0,1
Disease_706,0,0,0,0,1,0,0,0,1,0,0,1,1,0,1,0,1,0,0,0
Disease_707,0,1,0,1,1,1,0,1,1,0,0,1,0,0,0,0,1,1,0,0
Disease_708,0,1,1,1,1,0,1,0,0,1,0,0,1,0,1,0,1,0,0,1
Disease_709,0,0,0,0,0,0,1,0,1,0,0,0,0,1,0,1,0,0,0,0
Disease_710,0,0,0,0,1,1,0,0,0,0,0,0,0,0,0,0,0,0,0,0
Disease_711,0,0,0,0,0,0,0,0,0,0,1,1,1,1,0,0,1,0,0,0
Disease_712,0,1,1,0,1,0,0,0,0,0,0,1,0,1,0,1,0,1,1,0
Disease_713,1,1,0,0,1,0,0,0,0,1,0,1,0,0,0,0,0,1,0,0
Disease_714,0,0,0,0,1,1,1,1,0,0,0,1,1,0,0,1,1,1,0,1
Disease_715,0,0,0,1,0,0,0,1,0,1,1,1,0,1,0,0,1,0,0,0
Disease_716,0,0,0,1,0,1,0,1,0,0,0,0,1,1,0,1,0,0,1,0
Disease_717,0,0,0,0,0,0,0,1,1,1,0,0,1,0,0,1,1,1,0,0
Disease_718,0,0,1,1,0,0,1,0,0,0,0,0,1,0,0,0,1,0,0,1
Disease_719,1,0,1,0,0,0,1,0,0,0,1,0,0,0,0,1,0,0,0,0
Disease_720,0,0,0,0,0,0,1,1,0,1,0,0,1,1,1,1,0,0,0,0
Disease_721,0,0,1,0,0,1,0,0,0,1,1,0,0,0,0,0,1,0,1,0
Disease_722,1,1,0,1,0,0,0,1,0,0,0,0,1,1,0,0,0,1,0,0
Disease_723,0,0,0,0,1,1,0,0,1,0,1,0,0,0,1,0,1,1,1,1
Disease_724,1,1,0,1,0,0,0,1,0,0,0,0,1,0,0,0,1,1,1,0
Disease_725,1,0,0,0,1,1,0,0,0,0,0,0,1,0,1,0,0,0,0,0
Disease_726,0,0,1,0,0,0,0,0,1,0,0,0,0,0,0,1,0,1,0,0
Disease_727,0,0,1,0,1,1,0,0,0,0,0,1,0,1,1,0,0,0,1,0
Disease_728,1,0,0,0,0,0,0,1,0,0,0,0,1,0,0,0,0,0,1,0
Disease_729,0,1,0,1,0,0,1,1,0,0,0,1,0,1,0,1,0,1,0,1
Disease_730,0,1,1,0,0,0,1,0,0,0,1,0,0,0,0,0,0,0,0,0
Disease_731,1,1,0,0,0,0,0,1,1,1,1,1,1,0,1,0,0,0,1,0
Disease_732,0,1,0,0,1,1,0,0,0,0,1,1,1,0,0,0,1,0,0,0
Disease_733,0,0,0,0,0,0,0,1,0,0,0,0,0,0,0,0,0,0,0,0
Disease_734,0,0,1,1,0,0,0,0,0,1,0,1,1,1,0,1,0,0,0,0
Disease_735,1,1,0,1,1,0,1,1,0,1,0,0,1,0,0,0,0,1,0,0
Disease_736,0,0,0,0,0,0,0,0,0,1,1,1,0,0,1,0,0,1,1,0
Disease_737,0,1,1,0,0,0,0,0,1,0,0,1,0,0,1,0,0,0,0,1
Disease_738,1,0,1,0,1,0,0,0,1,1,0,1,0,0,1,1,0,0,0,0
Disease_739,0,0,0,0,0,0,0,0,0,1,0,1,0,1,1,0,0,1,1,0
Disease_740,0,0,1,0,0,0,0,0,0,0,0,0,0,0,0,0,0,0,0,0
Disease_741,0,0,0,0,1,0,0,1,0,1,1,1,0,0,0,0,0,0,0,0
Disease_742,0,0,0,1,1,1,0,0,0,0,0,0,0,0,1,0,1,1,0,0
Disease_743,0,1,0,0,0,0,0,0,0,0,1,0,0,1,0,0,0,0,0,1
Disease_744,0,0,0,0,1,0,0,0,0,1,0,0,0,0,1,1,1,0,0,0
Disease_745,1,0,1,0,0,0,1,0,0,0,0,0,0,0,1,0,0,0,0,0
Disease_746,1,0,0,1,0,0,0,0,1,0,1,0,1,0,1,0,0,1,0,1
Disease_747,0,0,0,1,0,0,0,0,1,0,0,0,0,0,0,0,1,0,0,0
Disease_748,0,1,0,1,0,0,0,0,1,0,0,0,1,1,0,1,1,1,0,0
Disease_749,0,1,0,0,0,0,0,0,1,0,1,0,0,0,1,1,1,0,1,0
Disease_750,0,1,0,0,0,0,1,0,0,0,0,0,1,0,0,0,1,0,0,0
Disease_751,0,0,0,0,1,0,0,1,0,1,0,1,0,0,1,1,0,0,0,0
Disease_752,0,1,0,0,1,0,1,0,0,0,1,1,1,0,0,0,0,0,0,1
Disease_753,0,0,0,0,1,0,0,1,0,0,1,1,0,0,0,0,0,0,0,0
Disease_754,0,1,0,1,1,0,0,0,1,0,1,0,0,1,0,0,0,0,0,0
Disease_755,0,1,0,0,0,0,0,1,1,0,0,1,1,0,0,1,0,1,0,1
Disease_756,1,0,0,0,0,0,0,0,0,1,1,0,1,0,0,1,0,0,0,0
Disease_757,0,0,0,1,1,0,0,0,0,1,1,1,1,0,0,0,0,1,0,1
Disease_758,0,0,0,1,0,0,0,0,1,0,0,0,1,1,1,1,1,0,1,1
Disease_759,0,0,1,0,0,1,1,1,1,1,0,0,0,0,1,0,0,1,1,1
Disease_760,0,0,0,0,1,0,1,0,0,1,1,0,1,0,0,1,0,0,0,0
Disease_761,0,1,0,0,0,0,1,0,1,1,1,0,0,1,0,0,0,0,0,0
Disease_762,0,1,0,1,1,0,1,0,0,1,0,0,0,1,0,0,1,0,1,1
Disease_763,0,0,0,0,1,1,0,1,1,1,0,0,0,0,1,0,1,1,0,0
Disease_764,0,0,0,0,0,0,0,1,0,1,0,0,0,1,1,0,0,0,1,0
Disease_765,1,0,0,0,1,0,0,0,0,0,0,0,1,1,1,1,0,0,0,0
Disease_766,0,0,0,0,0,0,1,0,1,0,0,0,0,0,0,0,0,0,1,0
Disease_767,0,0,0,0,1,0,1,0,0,0,1,0,0,0,0,1,0,0,1,0
Disease_768,0,0,0,0,1,0,0,1,1,1,1,0,0,0,0,0,0,1,0,0
Disease_769,1,1,0,1,0,0,0,0,0,0,1,0,1,0,0,0,0,1,0,1
Disease_770,0,0,0,0,0,1,1,0,0,0,1,0,0,0,0,0,0,0,1,1
Disease_771,0,0,0,1,0,0,0,0,0,0,0,1,1,1,0,0,1,1,1,0
Disease_772,0,0,0,1,1,0,0,0,0,0,0,0,0,0,0,0,1,0,0,0
Disease_773,1,1,1,0,0,0,0,1,0,0,1,0,0,0,1,1,1,0,1,1
Disease_774,0,1,1,0,0,0,1,0,1,0,0,1,1,0,0,1,0,1,0,1
Disease_775,0,0,0,0,0,0,0,0,1,0,0,0,0,1,1,0,0,1,1,0
Disease_776,1,1,1,1,0,0,0,0,0,0,1,0,0,0,0,0,0,0,0,1
Disease_777,0,1,0,1,0,1,0,0,0,0,0,0,0,0,1,0,0,0,0,0
Disease_778,0,1,0,0,0,1,0,0,1,0,0,0,0,0,0,1,0,0,0,0
Disease_779,0,0,1,0,0,0,0,0,1,1,0,0,0,1,1,0,1,1,0,0
Disease_780,1,0,0,1,0,0,0,1,1,0,0,1,0,0,0,1,0,0,1,0
Disease_781,1,0,0,0,1,0,0,1,0,1,1,1,0,0,0,1,0,1,0,0
Disease_782,1,1,0,0,0,1,0,1,0,0,0,0,0,0,0,0,0,1,1,1
Disease_783,1,1,0,0,0,1,0,0,0,0,0,0,0,0,1,0,1,0,0,0
Disease_784,1,1,1,1,0,0,0,0,0,1,1,0,0,1,1,0,1,0,1,1
Disease_785,0,1,1,0,0,0,0,1,1,1,1,0,1,1,0,0,1,0,0,0
Disease_786,1,0,0,0,0,1,0,0,1,0,0,1,0,1,1,0,0,0,1,1
Disease_787,1,1,0,0,0,0,0,1,1,0,0,0,0,0,0,0,1,0,1,0
Disease_788,0,0,0,1,0,0,1,0,0,0,0,0,1,0,0,1,0,1,1,1
Disease_789,0,0,0,1,0,0,1,1,0,0,1,0,0,1,1,0,1,0,0,1
Disease_790,0,0,0,0,1,0,0,1,1,0,0,1,1,0,0,1,0,0,0,0
Disease_791,0,0,0,0,0,0,1,1,0,0,0,1,1,0,1,0,0,1,1,1
Disease_792,0,0,0,0,0,1,0,0,0,0,0,0,0,0,0,0,0,1,0,0
Disease_793,0,0,1,0,0,0,0,0,1,0,0,0,0,0,0,0,0,0,1,1
Disease_794,0,0,1,0,0,0,0,1,0,1,0,1,0,0,1,0,0,0,0,1
Disease_795,0,0,0,0,0,1,1,1,0,0,0,1,0,1,0,0,0,0,0,0
Disease_796,0,0,0,0,1,1,0,0,0,0,0,1,0,0,0,0,1,0,0,1
Disease_797,1,1,0,0,0,0,1,0,1,1,1,1,0,0,0,0,0,0,0,0
Disease_798,0,1,0,0,0,0,1,0,0,0,0,0,0,0,1,0,0,0,0,0
Disease_799,0,0,0,1,0,0,1,0,1,0,1,0,0,0,0,0,1,0,0,0
Disease_800,0,1,1,1,1,1,0,1,0,1,0,0,0,1,0,1,1,1,0,0
Disease_801,0,1,0,0,0,1,0,0,1,0,1,0,0,0,1,0,0,0,1,0
Disease_802,0,1,1,0,0,0,0,1,0,0,0,1,0,0,0,0,1,1,0,0
Disease_803,0,0,0,1,0,1,0,0,0,0,0,1,1,0,0,0,0,1,1,0
Disease_804,0,0,0,0,0,1,0,0,1,0,0,0,0,0,1,0,0,0,1,0
Disease_805,1,1,0,0,1,0,0,1,0,0,0,1,0,0,0,0,0,0,1,0
Disease_806,0,0,0,1,0,0,0,1,0,1,1,0,0,0,0,1,0,0,1,0
Disease_807,0,0,0,0,0,0,0,0,0,1,1,0,0,1,0,0,0,1,0,1
Disease_808,1,0,0,0,0,0,0,0,0,0,0,0,0,0,0,0,1,0,0,1
Disease_809,0,1,0,0,1,1,1,0,1,0,0,0,0,0,1,1,1,0,1,0
Disease_810,0,0,0,1,0,0,0,1,0,0,0,1,0,0,0,0,0,1,0,0
Disease_811,0,0,0,1,0,0,0,0,0,0,0,0,0,1,1,0,1,1,0,1
Disease_812,0,0,1,1,0,1,1,1,0,0,1,0,0,0,0,0,1,1,0,1
Disease_813,0,0,0,1,0,0,1,0,1,1,0,0,0,0,0,0,0,0,0,0
Disease_814,0,1,1,0,0,0,1,1,1,0,0,0,0,1,1,0,0,1,0,0
Disease_815,1,0,1,0,0,0,0,1,1,1,0,0,1,0,0,0,0,0,0,1
Disease_816,0,0,0,0,1,0,1,0,1,1,0,0,1,1,0,0,0,0,0,1
Disease_817,1,0,0,0,1,0,0,0,0,0,0,1,0,0,1,0,0,1,0,0
Disease_818,0,1,1,1,1,1,0,0,0,1,1,0,0,1,0,1,1,0,0,1
Disease_819,1,1,0,1,0,0,1,0,0,1,0,0,0,1,0,0,0,1,1,0
Disease_820,0,1,0,0,1,0,0,0,0,1,0,0,0,0,0,0,1,1,0,1
Disease_821,0,0,1,0,0,0,1,0,0,1,0,0,0,0,0,1,0,1,1,1
Disease_822,1,0,0,0,0,0,0,1,1,0,0,0,0,1,1,0,0,0,0,0
Disease_823,0,1,0,1,1,0,0,1,0,0,0,0,0,0,0,0,0,0,0,0
Disease_824,0,0,1,0,1,0,0,1,0,0,0,1,0,1,0,1,1,0,1,0
Disease_825,1,1,1,0,1,0,1,0,0,0,0,0,0,0,1,0,0,0,0,0
Disease_826,0,0,0,1,1,0,0,0,0,0,1,1,1,0,0,1,1,0,1,0
Disease_827,0,0,0,0,0,0,0,0,0,1,0,0,1,1,0,0,0,1,0,1
Disease_828,1,0,1,1,1,1,0,0,1,1,0,0,1,0,0,0,0,0,0,1
Disease_829,0,0,1,0,0,0,1,0,1,0,0,1,0,0,1,1,0,1,0,0
Disease_830,1,0,1,0,0,0,0,1,0,0,1,1,0,0,0,1,0,0,0,0
Disease_831,0,1,0,0,0,0,0,1,1,0,0,1,0,0,1,1,1,1,1,1
Disease_832,1,0,0,1,0,0,0,0,1,0,0,1,0,0,0,0,0,0,0,1
Disease_833,1,0,1,1,0,1,0,0,0,1,1,0,0,1,0,0,0,1,0,0
Disease_834,0,0,0,1,0,1,0,0,1,1,1,0,0,0,0,0,0,1,1,0
Disease_835,1,0,0,0,1,0,1,1,0,0,0,0,1,0,1,0,0,0,0,0
Disease_836,0,0,0,0,0,1,0,0,0,1,0,0,0,0,0,1,0,0,1,1
Disease_837,1,0,0,0,0,0,0,1,1,0,0,0,0,0,0,0,0,0,0,0
Disease_838,0,0,0,0,0,0,0,1,1,1,1,0,0,0,1,0,0,0,0,0
Disease_839,0,1,0,1,1,1,0,0,1,0,0,1,0,0,1,0,0,0,0,0
Disease_840,1,0,0,1,1,1,1,0,0,0,0,0,0,0,0,0,0,0,0,1
Disease_841,1,1,1,0,0,0,1,0,1,0,1,0,1,0,0,0,0,1,1,1
Disease_842,0,1,0,0,1,1,0,1,0,1,1,1,0,1,1,0,0,0,0,0
Disease_843,1,1,1,1,0,0,0,0,0,1,0,1,0,0,0,0,1,0,1,0
Disease_844,1,1,1,1,0,0,0,0,0,0,0,0,0,0,0,0,0,0,1,1
Disease_845,0,0,0,0,1,0,0,0,0,1,0,1,0,0,0,0,0,0,0,0
Disease_846,0,1,0,0,1,0,0,0,0,0,0,1,1,0,0,0,0,0,0,0
Disease_847,1,0,0,0,1,0,1,0,0,0,1,0,0,1,0,1,0,0,0,1
Disease_848,0,1,1,0,1,0,0,1,0,0,1,1,1,0,0,1,0,1,0,0
Disease_849,0,0,0,1,0,0,0,1,0,0,1,0,0,0,1,0,1,1,0,0
Disease_850,0,0,1,0,1,0,1,0,1,1,0,1,1,0,0,0,0,0,1,0
Disease_851,1,1,0,0,0,0,1,0,0,0,0,0,0,1,0,1,1,0,1,1
Disease_852,0,0,1,0,0,0,0,0,1,1,0,1,0,0,0,0,1,0,1,0
Disease_853,0,0,0,0,1,1,1,0,0,0,0,1,0,0,1,0,1,1,1,0
Disease_854,1,1,0,1,1,0,1,0,0,1,0,1,0,1,0,0,1,0,0,1
Disease_855,1,0,1,0,0,1,0,0,0,0,0,0,0,0,0,0,0,0,0,0
Disease_856,0,0,1,1,0,0,0,1,0,0,0,0,0,0,0,1,0,0,0,0
Disease_857,0,0,0,0,0,1,0,0,0,1,1,1,1,1,0,0,0,1,1,0
Disease_858,0,1,0,1,0,1,0,0,1,1,0,0,0,1,0,0,1,1,1,0
Disease_859,0,0,1,1,0,0,1,0,1,1,1,1,0,0,1,1,1,0,0,0
Disease_860,0,0,1,0,0,0,0,0,0,1,0,0,0,1,0,0,0,1,0,0
Disease_861,0,1,0,0,0,0,1,0,0,0,0,0,1,0,0,0,0,1,0,1
Disease_862,1,1,0,1,0,1,0,0,0,0,1,0,0,0,0,0,1,1,1,1
Disease_863,0,0,0,0,0,0,0,0,0,1,0,1,0,0,0,0,0,1,0,0
Disease_864,1,0,1,0,0,0,0,0,0,0,0,0,1,1,0,0,1,0,0,1
Disease_865,0,0,0,0,1,1,1,0,0,0,0,0,1,0,1,1,0,0,1,0
Disease_866,0,1,0,0,0,0,0,0,0,0,0,1,0,1,0,1,0,0,1,0
Disease_867,1,1,1,1,1,0,1,0,0,0,1,0,1,1,0,0,0,1,0,0
Disease_868,0,0,0,0,1,0,1,0,0,0,1,0,0,0,1,1,0,0,1,1
Disease_869,1,0,1,0,0,0,0,1,1,1,0,0,0,0,0,0,0,0,0,0
Disease_870,1,1,0,0,1,0,1,0,0,0,0,0,0,0,0,1,0,0,0,0
Disease_871,0,0,0,1,1,0,1,0,0,0,1,1,0,1,0,1,0,0,0,1
Disease_872,0,1,0,1,0,0,1,1,1,1,1,0,0,0,0,1,1,1,1,1
Disease_873,0,0,0,0,1,0,0,0,0,0,0,0,0,0,0,0,0,0,0,1
Disease_874,1,0,0,0,0,0,1,0,0,0,0,1,1,1,1,1,0,1,0,0
Disease_875,0,1,1,0,0,0,0,0,0,0,0,0,1,0,0,0,0,0,0,1
Disease_876,0,0,0,1,0,0,0,1,0,0,0,1,0,0,0,1,1,1,0,1
Disease_877,0,0,1,0,1,0,0,0,0,0,1,1,1,0,0,1,0,0,0,0
Disease_878,1,1,0,0,0,0,0,1,0,0,0,1,1,1,0,0,0,1,0,0
Disease_879,1,0,0,0,0,1,0,0,0,1,0,0,0,1,1,0,0,1,0,0
Disease_880,1,0,1,0,0,1,0,0,0,1,0,0,1,0,0,1,0,1,0,0
Disease_881,0,0,1,1,0,1,0,1,0,1,0,0,0,0,1,0,0,0,1,1
Disease_882,0,0,1,0,0,1,0,0,1,0,1,0,0,0,1,1,0,1,1,1
Disease_883,0,0,0,0,0,1,1,0,0,0,0,0,1,1,0,1,0,0,1,0
Disease_884,0,1,1,1,0,1,0,0,1,0,0,0,0,0,0,0,1,1,0,0
Disease_885,0,0,1,0,0,0,1,0,1,0,0,0,1,0,0,1,1,1,1,0
Disease_886,1,1,1,0,1,1,0,1,0,1,0,0,0,0,0,0,0,0,0,0
Disease_887,1,0,0,0,1,1,1,1,0,1,0,1,0,1,0,0,0,1,1,1
Disease_888,0,0,1,0,0,0,0,0,1,1,0,0,0,0,0,0,0,0,0,0
Disease_889,1,0,0,0,0,0,0,0,0,1,0,0,0,1,0,0,0,0,1,1
Disease_890,0,1,0,1,0,0,0,0,0,1,0,0,0,0,0,0,0,0,0,0
Disease_891,0,0,1,0,0,0,0,1,0,1,0,0,1,0,0,1,0,0,0,1
Disease_892,1,0,0,1,0,0,0,0,0,1,0,0,1,1,0,0,1,0,0,0
Disease_893,0,0,1,0,0,0,0,0,0,1,1,0,0,0,0,0,1,0,0,0
Disease_894,1,1,0,0,0,0,0,1,1,0,1,1,1,0,1,0,0,0,0,0
Disease_895,0,0,1,0,0,1,0,0,0,1,1,0,0,1,1,0,0,0,0,1
Disease_896,1,0,0,0,0,0,0,0,1,0,0,1,1,0,0,0,0,0,0,1
Disease_897,1,0,0,0,1,1,0,0,1,0,0,0,0,0,0,0,0,0,0,1
Disease_898,1,0,0,0,1,0,0,0,0,0,0,0,1,1,0,1,0,0,0,1
Disease_899,1,1,0,0,0,1,0,0,0,0,1,0,0,0,0,0,0,0,0,0
Disease_900,0,0,1,0,0,0,1,0,0,0,1,0,0,0,0,0,0,0,1,0
Disease_901,1,1,0,0,0,1,1,0,0,1,1,0,1,0,0,0,0,1,1,0
Disease_902,1,1,0,1,0,0,0,0,0,0,0,1,0,1,1,0,0,1,0,0
Disease_903,1,0,1,0,0,1,1,1,0,0,1,0,1,0,0,0,1,0,1,0
Disease_904,0,1,0,0,0,1,1,0,0,0,1,1,1,0,0,0,0,0,1,0
Disease_905,0,0,0,1,1,0,1,0,0,1,0,1,0,0,0,0,0,0,0,1
Disease_906,1,0,1,0,0,1,0,0,0,1,0,0,0,1,0,1,1,0,1,0
Disease_907,0,0,0,0,0,1,1,0,0,1,0,0,0,1,0,0,0,0,0,0
Disease_908,0,0,0,0,0,0,1,0,1,0,0,1,0,0,0,1,0,1,0,0
Disease_909,1,1,0,1,0,0,1,0,0,0,0,1,0,0,1,0,0,1,0,0
Disease_910,0,1,1,0,0,0,0,1,0,0,0,0,0,0,0,0,1,0,0,1
Disease_911,1,0,0,0,0,1,0,0,1,0,0,1,0,1,1,0,0,0,0,1
Disease_912,1,0,1,0,0,0,0,0,0,1,0,0,0,0,1,0,0,0,1,0
Disease_913,0,0,1,1,0,1,0,0,0,1,0,0,0,0,0,0,0,1,1,0
Disease_914,0,0,0,1,0,0,0,0,1,0,0,0,0,1,1,1,0,0,0,0
Disease_915,0,0,0,0,0,0,0,1,0,0,0,0,0,0,0,1,0,0,0,0
Disease_916,1,0,0,0,0,0,0,0,1,0,0,0,0,0,1,0,0,0,0,0
Disease_917,1,1,0,1,0,0,1,0,0,0,0,0,0,1,0,0,0,0,0,0
Disease_918,0,0,1,0,0,0,0,0,0,0,0,1,1,0,0,0,0,0,0,0
Disease_919,1,0,0,1,0,0,0,0,0,0,0,0,0,0,1,0,1,0,0,0
Disease_920,0,0,1,0,0,1,0,0,0,0,0,0,0,0,0,0,1,0,0,0
Disease_921,0,0,0,1,1,0,1,0,1,0,0,0,0,1,0,0,0,0,0,1
Disease_922,1,0,1,0,0,0,0,0,0,0,0,1,0,1,1,1,1,1,1,0
Disease_923,1,0,0,0,0,0,0,0,0,1,0,1,0,0,1,0,1,0,1,0
Disease_924,0,0,0,0,0,1,0,0,1,1,1,1,1,0,1,0,1,0,0,1
Disease_925,0,0,0,0,1,0,0,0,0,0,0,0,0,1,0,0,0,0,0,1
Disease_926,0,0,0,0,0,0,0,0,0,0,0,0,0,0,0,1,0,0,0,0
Disease_927,0,1,0,1,0,1,1,0,0,0,1,0,1,1,1,0,0,1,0,0
Disease_928,1,0,0,0,1,0,0,1,1,1,0,1,1,0,0,1,1,1,0,1
Disease_929,0,0,0,0,1,0,0,0,1,0,0,0,0,0,1,1,0,0,0,0
Disease_930,0,0,0,1,0,0,0,0,0,0,0,0,0,0,0,0,0,0,1,1
Disease_931,1,0,0,0,0,0,0,0,0,1,0,0,0,0,1,0,0,0,1,1
Disease_932,1,0,0,0,0,1,0,0,0,1,0,0,0,0,0,1,1,1,0,1
Disease_933,0,1,0,0,0,1,0,0,0,0,1,0,0,0,0,1,0,1,0,0
Disease_934,0,1,1,0,0,0,0,0,0,1,0,0,1,0,0,1,0,0,0,0
Disease_935,1,0,0,0,1,1,0,1,0,0,0,0,0,0,1,0,0,0,0,0
Disease_936,0,0,1,0,0,1,0,0,0,0,0,0,0,0,1,1,1,1,0,1
Disease_937,0,1,0,0,1,0,1,1,0,0,0,1,0,1,0,0,0,1,0,0
Disease_938,0,1,0,0,0,1,0,0,1,1,0,0,1,0,0,0,0,0,0,0
Disease_939,0,0,0,0,0,1,0,0,0,0,1,1,0,0,0,1,1,1,1,0
Disease_940,1,0,0,0,0,0,1,0,0,0,1,0,0,0,0,1,0,0,0,1
Disease_941,0,0,0,1,1,0,0,0,0,0,0,0,0,1,1,1,0,1,0,0
Disease_942,0,0,0,1,0,1,0,0,1,1,1,0,0,1,0,1,0,1,1,1
Disease_943,0,1,0,1,0,0,0,0,1,0,0,1,0,1,0,0,0,0,0,1
Disease_944,1,1,0,1,0,1,1,0,0,1,1,0,1,1,0,0,1,1,0,1
Disease_945,0,1,1,0,1,1,0,0,0,0,0,1,1,1,0,0,0,0,0,0
Disease_946,0,0,1,1,0,0,0,0,1,0,1,0,1,0,0,0,0,0,1,0
Disease_947,0,0,1,0,0,1,1,0,0,1,0,1,0,0,0,0,1,0,1,0
Disease_948,0,0,0,1,0,1,0,0,0,0,0,0,0,0,0,0,0,0,0,0
Disease_949,0,0,1,0,0,0,0,0,0,0,0,0,1,1,1,0,0,1,1,0
Disease_950,1,0,0,0,0,0,0,0,0,1,0,0,1,0,0,0,1,1,1,1
Disease_951,0,1,0,0,0,0,1,0,0,0,0,0,0,0,0,1,0,0,1,0
Disease_952,1,0,0,1,0,1,0,1,1,0,0,0,0,0,1,0,0,1,0,1
Disease_953,0,0,1,0,0,0,0,0,0,1,0,0,1,0,0,1,1,0,0,0
Disease_954,0,1,0,1,0,0,0,0,0,1,0,0,1,0,0,0,1,0,0,0
Disease_955,1,1,1,0,0,1,0,0,0,0,0,1,1,1,0,0,0,0,0,0
Disease_956,0,0,0,0,0,0,0,0,1,0,1,0,0,0,0,0,1,0,0,0
Disease_957,0,0,0,0,1,0,0,0,0,0,0,0,1,0,1,0,0,0,0,0
Disease_958,0,0,1,0,0,1,0,0,0,0,0,0,0,1,0,1,0,1,1,1
Disease_959,0,1,0,0,0,0,0,0,0,0,0,1,0,0,0,1,1,0,1,0
Disease_960,1,1,0,0,0,0,1,0,0,0,1,1,0,0,0,1,0,0,1,0
Disease_961,0,0,0,1,1,0,0,0,0,1,0,0,0,0,0,1,0,1,1,0
Disease_962,0,0,0,0,0,0,1,0,0,0,0,1,0,1,1,1,0,1,0,0
Disease_963,0,0,0,0,0,0,0,0,0,0,1,0,0,0,0,0,0,0,1,0
Disease_964,0,1,0,0,0,0,0,0,0,1,1,0,0,1,0,0,1,0,0,1
Disease_965,1,0,0,0,1,1,0,0,0,0,0,0,1,0,0,0,1,1,1,1
Disease_966,1,1,1,1,0,1,0,0,1,0,0,0,0,0,0,1,0,0,0,0
Disease_967,0,0,0,1,1,0,0,1,1,0,0,0,0,0,0,0,0,0,0,1
Disease_968,0,0,0,0,0,1,1,0,0,1,0,0,1,0,1,1,0,0,1,0
Disease_969,0,1,0,1,0,0,0,1,1,0,0,0,0,0,0,0,1,0,0,1
Disease_970,0,0,1,0,1,0,0,0,0,1,1,0,0,0,0,0,0,0,0,0
Disease_971,0,1,0,0,0,0,0,1,1,1,0,0,1,0,1,0,0,0,1,0
Disease_972,0,1,0,0,0,0,0,0,0,0,0,0,1,0,1,1,1,0,0,1
Disease_973,1,0,0,0,0,0,0,0,0,0,1,0,1,1,0,0,0,1,0,1
Disease_974,0,0,1,0,0,0,0,0,0,0,1,0,0,0,0,0,0,0,0,0
Disease_975,0,1,0,0,1,0,0,0,0,1,0,1,0,0,0,1,1,0,1,0
Disease_976,0,1,1,0,0,1,0,1,0,0,0,1,1,0,0,0,0,0,0,1
Disease_977,0,0,1,0,0,0,0,1,0,0,0,0,0,0,0,0,0,0,0,0
Disease_978,0,0,1,1,0,0,0,0,0,1,0,0,1,1,0,0,0,1,0,0
Disease_979,0,0,1,1,1,0,0,0,0,0,0,1,1,0,0,0,0,0,1,0
Disease_980,0,1,1,0,0,0,0,0,1,0,1,0,1,0,0,0,0,0,0,0
Disease_981,0,0,1,0,1,0,0,0,0,0,0,1,0,1,0,0,0,1,0,0
Disease_982,0,1,0,0,0,1,0,0,1,0,0,1,0,0,1,0,1,0,0,0
Disease_983,0,0,0,0,0,1,0,0,0,1,0,1,0,0,0,0,0,1,0,1
Disease_984,0,1,1,0,0,0,0,0,0,0,0,1,1,0,0,0,0,0,1,0
Disease_985,1,0,0,1,0,0,1,0,0,1,0,0,0,1,0,0,0,0,0,0
Disease_986,0,0,0,0,0,0,1,0,1,0,0,0,0,1,1,0,1,0,1,1
Disease_987,0,0,1,0,0,0,0,0,1,1,0,0,1,0,0,0,0,0,1,0
Disease_988,0,0,0,0,1,0,0,0,0,0,1,1,0,0,1,1,0,1,0,0
Disease_989,0,0,0,0,0,0,0,0,0,1,1,1,1,0,0,1,0,0,0,1
Disease_990,1,0,0,1,0,1,0,0,0,0,0,0,0,0,1,0,0,1,1,1
Disease_991,0,0,0,0,0,0,0,1,1,1,0,1,0,1,0,0,0,1,0,1
Disease_992,0,0,0,0,0,0,0,1,0,0,0,0,0,0,0,0,0,1,0,0
Disease_993,1,0,1,0,0,0,0,0,0,1,0,0,0,1,0,1,1,1,0,1
Disease_994,1,0,0,1,0,1,1,0,0,0,0,0,0,0,0,0,0,0,1,0
Disease_995,0,1,0,1,0,0,0,1,0,1,0,0,0,0,0,0,1,1,1,0
Disease_996,0,0,0,0,1,0,1,0,0,0,0,0,0,0,0,0,0,0,0,0
Disease_997,0,0,0,0,0,0,0,0,1,1,1,1,0,1,0,0,1,1,0,0
Disease_998,0,0,0,0,1,0,0,0,0,1,1,1,0,1,1,0,0,1,0,0
Disease_999,0,1,1,1,1,0,0,0,0,0,0,0,0,1,0,0,0,0,0,0
Disease_1000,0,0,0,0,0,0,0,1,0,1,1,0,0,1,0,0,0,0,1,1
