Disease,Symptom_1,Symptom_2,Symptom_3,Symptom_4,Symptom_5,Symptom_6,Symptom_7
Disease_1,shortness of breath,dark urine,weakness,loss of appetite,abdominal pain,,
Disease_2,memory loss,swollen glands,muscle pain,runny nose,chest pain,tremors,headache
Disease_3,eye redness,abdominal pain,confusion,high blood pressure,ear pain,dry mouth,headache
Disease_4,fever,increased thirst,hair loss,loss of appetite,dry mouth,difficulty swallowing,
Disease_5,diarrhea,headache,difficulty swallowing,high blood pressure,vomiting,fever,
Disease_6,swollen glands,sweating,speech difficulty,chest pain,,,
Disease_7,speech difficulty,diarrhea,nausea,numbness,,,
Disease_8,itching,skin redness,diarrhea,low blood pressure,,,
Disease_9,numbness,dizziness,dry mouth,,,,
Disease_10,ear pain,abdominal pain,weight loss,numbness,shortness of breath,yellow skin,
Disease_11,hair loss,high blood pressure,sore throat,weight loss,headache,shortness of breath,blurred vision
Disease_12,abdominal pain,fever,chills,,,,
Disease_13,sore throat,high blood pressure,weakness,abdominal pain,frequent urination,,
Disease_14,runny nose,difficulty swallowing,dizziness,fever,low blood pressure,,
Disease_15,skin redness,loss of appetite,cough,fever,,,
Disease_16,dry mouth,weakness,weight loss,skin redness,difficulty swallowing,fever,
Disease_17,hair loss,diarrhea,weakness,nausea,eye redness,increased thirst,
Disease_18,fever,hair loss,weakness,,,,
Disease_19,numbness,headache,muscle pain,sore throat,hair loss,loss of appetite,weakness
Disease_20,sore throat,increased thirst,speech difficulty,swollen glands,abdominal pain,joint pain,
Disease_21,low blood pressure,runny nose,speech difficulty,itching,vomiting,,
Disease_22,fever,low blood pressure,skin redness,,,,
Disease_23,difficulty swallowing,sweating,chest pain,memory loss,,,
Disease_24,sore throat,hair loss,memory loss,swollen glands,cough,runny nose,
Disease_25,numbness,eye redness,diarrhea,runny nose,abdominal pain,hair loss,
Disease_26,fatigue,eye redness,shortness of breath,,,,
Disease_27,vomiting,high blood pressure,tremors,,,,
Disease_28,blurred vision,headache,high blood pressure,runny nose,fever,,
Disease_29,difficulty swallowing,eye redness,hair loss,tremors,light-colored stools,,
Disease_30,weakness,yellow skin,fever,ear pain,itching,,
Disease_31,vomiting,weakness,itching,memory loss,,,
Disease_32,confusion,frequent urination,rash,headache,dry mouth,cough,
Disease_33,frequent urination,loss of appetite,fatigue,cough,dry mouth,,
Disease_34,fever,loss of appetite,runny nose,frequent urination,blurred vision,numbness,
Disease_35,headache,loss of appetite,confusion,cough,diarrhea,,
Disease_36,eye redness,runny nose,abdominal pain,chest pain,weight loss,low blood pressure,
Disease_37,abdominal pain,muscle pain,fever,,,,
Disease_38,eye redness,blurred vision,muscle pain,frequent urination,cough,high blood pressure,
Disease_39,loss of appetite,blurred vision,numbness,chills,dark urine,runny nose,
Disease_40,weight loss,headache,swollen glands,ear pain,,,
Disease_41,chills,low blood pressure,numbness,dark urine,,,
Disease_42,high blood pressure,blurred vision,shortness of breath,skin redness,fever,memory loss,dark urine
Disease_43,dry mouth,high blood pressure,fever,weakness,hair loss,numbness,abdominal pain
Disease_44,confusion,eye redness,speech difficulty,itching,,,
Disease_45,joint pain,blurred vision,weight loss,fatigue,skin redness,,
Disease_46,confusion,abdominal pain,chills,sore throat,nausea,itching,
Disease_47,sweating,confusion,weight loss,dry mouth,diarrhea,swollen glands,
Disease_48,light-colored stools,rash,numbness,hair loss,dizziness,confusion,
Disease_49,headache,dark urine,tremors,weakness,,,
Disease_50,abdominal pain,chills,loss of appetite,low blood pressure,,,
Disease_51,speech difficulty,sweating,abdominal pain,numbness,eye redness,cough,
Disease_52,ear pain,joint pain,memory loss,,,,
Disease_53,muscle pain,nausea,dry mouth,ear pain,abdominal pain,,
Disease_54,chills,sore throat,itching,tremors,,,
Disease_55,joint pain,fever,dizziness,diarrhea,sore throat,itching,memory loss
Disease_56,light-colored stools,high blood pressure,dry mouth,itching,,,
Disease_57,sweating,rash,itching,eye redness,low blood pressure,skin redness,
Disease_58,chest pain,cough,diarrhea,yellow skin,memory loss,,
Disease_59,weakness,cough,vomiting,fever,numbness,fatigue,
Disease_60,memory loss,weakness,numbness,tremors,dry mouth,vomiting,
Disease_61,loss of appetite,speech difficulty,headache,sweating,cough,chest pain,confusion
Disease_62,rash,joint pain,numbness,dizziness,blurred vision,,
Disease_63,light-colored stools,headache,hair loss,fatigue,blurred vision,eye redness,rash
Disease_64,memory loss,numbness,muscle pain,abdominal pain,weakness,fever,increased thirst
Disease_65,diarrhea,skin redness,muscle pain,itching,weakness,rash,
Disease_66,headache,cough,chest pain,high blood pressure,speech difficulty,,
Disease_67,cough,loss of appetite,fatigue,diarrhea,,,
Disease_68,ear pain,dry mouth,itching,sore throat,,,
Disease_69,sweating,dry mouth,increased thirst,,,,
Disease_70,dizziness,fatigue,fever,low blood pressure,vomiting,cough,
Disease_71,hair loss,shortness of breath,chills,,,,
Disease_72,shortness of breath,low blood pressure,fatigue,tremors,muscle pain,sore throat,dark urine
Disease_73,ear pain,fatigue,eye redness,dizziness,loss of appetite,,
Disease_74,increased thirst,frequent urination,swollen glands,skin redness,dark urine,,
Disease_75,joint pain,memory loss,runny nose,,,,
Disease_76,yellow skin,dark urine,chest pain,light-colored stools,weakness,hair loss,
Disease_77,sore throat,blurred vision,swollen glands,difficulty swallowing,memory loss,increased thirst,eye redness
Disease_78,hair loss,confusion,muscle pain,ear pain,dark urine,high blood pressure,fever
Disease_79,nausea,itching,yellow skin,chills,,,
Disease_80,light-colored stools,ear pain,skin redness,muscle pain,headache,fatigue,
Disease_81,low blood pressure,dizziness,chest pain,nausea,swollen glands,speech difficulty,
Disease_82,numbness,blurred vision,tremors,chest pain,skin redness,,
Disease_83,headache,low blood pressure,itching,,,,
Disease_84,skin redness,chest pain,muscle pain,high blood pressure,nausea,weakness,
Disease_85,numbness,chest pain,vomiting,difficulty swallowing,,,
Disease_86,eye redness,sore throat,numbness,low blood pressure,swollen glands,muscle pain,
Disease_87,weight loss,vomiting,chest pain,muscle pain,,,
Disease_88,diarrhea,confusion,weight loss,sweating,,,
Disease_89,weight loss,difficulty swallowing,confusion,diarrhea,numbness,chest pain,
Disease_90,dizziness,swollen glands,weight loss,muscle pain,memory loss,,
Disease_91,light-colored stools,tremors,hair loss,joint pain,,,
Disease_92,dark urine,difficulty swallowing,itching,sweating,,,
Disease_93,chills,numbness,cough,memory loss,sweating,confusion,skin redness
Disease_94,fatigue,memory loss,vomiting,dry mouth,chills,headache,cough
Disease_95,ear pain,tremors,vomiting,increased thirst,high blood pressure,,
Disease_96,hair loss,blurred vision,weakness,chest pain,,,
Disease_97,joint pain,fatigue,increased thirst,low blood pressure,fever,,
Disease_98,ear pain,confusion,weakness,high blood pressure,nausea,,
Disease_99,numbness,itching,swollen glands,dark urine,,,
Disease_100,speech difficulty,increased thirst,sweating,abdominal pain,numbness,blurred vision,
Disease_101,abdominal pain,dry mouth,joint pain,numbness,itching,chest pain,nausea
Disease_102,fever,sore throat,itching,skin redness,dizziness,,
Disease_103,increased thirst,speech difficulty,rash,,,,
Disease_104,itching,increased thirst,tremors,,,,
Disease_105,numbness,sweating,rash,fatigue,dizziness,diarrhea,itching
Disease_106,skin redness,rash,muscle pain,abdominal pain,,,
Disease_107,weight loss,dry mouth,muscle pain,numbness,cough,shortness of breath,
Disease_108,numbness,runny nose,low blood pressure,difficulty swallowing,swollen glands,,
Disease_109,yellow skin,weakness,blurred vision,fever,,,
Disease_110,swollen glands,light-colored stools,dizziness,vomiting,,,
Disease_111,chills,swollen glands,frequent urination,hair loss,headache,ear pain,
Disease_112,light-colored stools,eye redness,joint pain,high blood pressure,itching,memory loss,frequent urination
Disease_113,memory loss,headache,swollen glands,,,,
Disease_114,high blood pressure,cough,eye redness,joint pain,runny nose,confusion,
Disease_115,confusion,diarrhea,weakness,sweating,frequent urination,muscle pain,
Disease_116,headache,tremors,weight loss,abdominal pain,,,
Disease_117,swollen glands,dark urine,itching,difficulty swallowing,muscle pain,chest pain,
Disease_118,confusion,high blood pressure,dizziness,dry mouth,diarrhea,,
Disease_119,weight loss,light-colored stools,muscle pain,chest pain,headache,,
Disease_120,dizziness,cough,numbness,eye redness,weight loss,chest pain,swollen glands
Disease_121,dizziness,increased thirst,sore throat,yellow skin,,,
Disease_122,difficulty swallowing,joint pain,abdominal pain,frequent urination,,,
Disease_123,loss of appetite,joint pain,cough,diarrhea,,,
Disease_124,skin redness,vomiting,sweating,,,,
Disease_125,joint pain,rash,increased thirst,muscle pain,fever,,
Disease_126,swollen glands,dizziness,loss of appetite,confusion,,,
Disease_127,abdominal pain,low blood pressure,fever,tremors,dark urine,ear pain,
Disease_128,confusion,blurred vision,yellow skin,headache,increased thirst,dizziness,fever
Disease_129,weakness,abdominal pain,skin redness,vomiting,sweating,,
Disease_130,sweating,runny nose,ear pain,,,,
Disease_131,increased thirst,vomiting,weakness,,,,
Disease_132,fever,difficulty swallowing,runny nose,abdominal pain,confusion,itching,dizziness
Disease_133,diarrhea,shortness of breath,swollen glands,skin redness,confusion,chills,
Disease_134,increased thirst,difficulty swallowing,joint pain,,,,
Disease_135,numbness,low blood pressure,frequent urination,,,,
Disease_136,numbness,high blood pressure,diarrhea,weight loss,fever,sweating,chest pain
Disease_137,weight loss,vomiting,ear pain,sore throat,numbness,diarrhea,
Disease_138,cough,runny nose,rash,dry mouth,memory loss,itching,
Disease_139,chills,confusion,sweating,tremors,diarrhea,difficulty swallowing,
Disease_140,cough,eye redness,diarrhea,,,,
Disease_141,vomiting,rash,weakness,tremors,dizziness,joint pain,runny nose
Disease_142,abdominal pain,ear pain,chills,,,,
Disease_143,confusion,memory loss,vomiting,fever,sweating,dry mouth,
Disease_144,tremors,sweating,numbness,headache,joint pain,runny nose,
Disease_145,joint pain,chest pain,dark urine,fever,,,
Disease_146,eye redness,weight loss,dry mouth,cough,,,
Disease_147,fever,runny nose,abdominal pain,light-colored stools,low blood pressure,cough,eye redness
Disease_148,ear pain,confusion,swollen glands,sweating,,,
Disease_149,chills,difficulty swallowing,speech difficulty,loss of appetite,shortness of breath,,
Disease_150,joint pain,diarrhea,yellow skin,swollen glands,fatigue,,
Disease_151,muscle pain,skin redness,fatigue,,,,
Disease_152,sore throat,increased thirst,sweating,,,,
Disease_153,itching,rash,yellow skin,sore throat,sweating,light-colored stools,
Disease_154,skin redness,dry mouth,light-colored stools,dizziness,numbness,,
Disease_155,weakness,abdominal pain,confusion,high blood pressure,,,
Disease_156,dark urine,weight loss,chills,numbness,sweating,swollen glands,
Disease_157,dark urine,nausea,loss of appetite,joint pain,high blood pressure,,
Disease_158,hair loss,ear pain,difficulty swallowing,,,,
Disease_159,tremors,shortness of breath,nausea,frequent urination,runny nose,numbness,
Disease_160,numbness,chest pain,increased thirst,fever,high blood pressure,cough,swollen glands
Disease_161,swollen glands,itching,dark urine,nausea,runny nose,dry mouth,
Disease_162,dizziness,loss of appetite,fever,rash,confusion,,
Disease_163,shortness of breath,dry mouth,ear pain,dizziness,,,
Disease_164,skin redness,loss of appetite,shortness of breath,fever,dizziness,,
Disease_165,weakness,shortness of breath,low blood pressure,,,,
Disease_166,yellow skin,weight loss,swollen glands,memory loss,fatigue,speech difficulty,headache
Disease_167,chills,difficulty swallowing,shortness of breath,low blood pressure,light-colored stools,,
Disease_168,cough,dry mouth,increased thirst,weight loss,,,
Disease_169,itching,dark urine,yellow skin,frequent urination,tremors,diarrhea,
Disease_170,shortness of breath,difficulty swallowing,chills,ear pain,vomiting,high blood pressure,
Disease_171,dark urine,speech difficulty,frequent urination,nausea,runny nose,muscle pain,eye redness
Disease_172,skin redness,high blood pressure,frequent urination,,,,
Disease_173,vomiting,joint pain,high blood pressure,dizziness,swollen glands,,
Disease_174,nausea,low blood pressure,headache,weakness,,,
Disease_175,numbness,cough,sore throat,eye redness,fatigue,,
Disease_176,low blood pressure,cough,yellow skin,muscle pain,confusion,tremors,
Disease_177,confusion,joint pain,fatigue,,,,
Disease_178,runny nose,difficulty swallowing,sore throat,low blood pressure,high blood pressure,,
Disease_179,confusion,yellow skin,weight loss,diarrhea,,,
Disease_180,shortness of breath,abdominal pain,cough,muscle pain,difficulty swallowing,,
Disease_181,chills,joint pain,dizziness,high blood pressure,blurred vision,tremors,
Disease_182,blurred vision,dry mouth,abdominal pain,,,,
Disease_183,dry mouth,skin redness,increased thirst,difficulty swallowing,chest pain,confusion,
Disease_184,diarrhea,muscle pain,frequent urination,chills,blurred vision,dry mouth,
Disease_185,increased thirst,swollen glands,weight loss,,,,
Disease_186,muscle pain,light-colored stools,cough,,,,
Disease_187,eye redness,memory loss,dizziness,headache,rash,chest pain,weight loss
Disease_188,sore throat,high blood pressure,light-colored stools,,,,
Disease_189,tremors,yellow skin,nausea,speech difficulty,sweating,skin redness,
Disease_190,tremors,fatigue,dry mouth,light-colored stools,memory loss,,
Disease_191,itching,diarrhea,dry mouth,fever,tremors,low blood pressure,
Disease_192,eye redness,high blood pressure,abdominal pain,hair loss,confusion,fatigue,
Disease_193,dizziness,runny nose,numbness,hair loss,joint pain,chills,
Disease_194,ear pain,vomiting,speech difficulty,weakness,yellow skin,blurred vision,memory loss
Disease_195,sore throat,joint pain,memory loss,dark urine,,,
Disease_196,increased thirst,numbness,abdominal pain,dry mouth,,,
Disease_197,skin redness,weight loss,joint pain,confusion,vomiting,,
Disease_198,weakness,sore throat,skin redness,light-colored stools,runny nose,,
Disease_199,light-colored stools,low blood pressure,numbness,vomiting,,,
Disease_200,diarrhea,numbness,yellow skin,memory loss,ear pain,,
Disease_201,ear pain,joint pain,weight loss,dizziness,dry mouth,,
Disease_202,low blood pressure,diarrhea,ear pain,dark urine,speech difficulty,numbness,
Disease_203,skin redness,sore throat,high blood pressure,chest pain,sweating,eye redness,
Disease_204,vomiting,weakness,headache,high blood pressure,swollen glands,,
Disease_205,dizziness,numbness,shortness of breath,sweating,confusion,runny nose,
Disease_206,sweating,nausea,ear pain,weakness,skin redness,frequent urination,rash
Disease_207,swollen glands,weakness,ear pain,,,,
Disease_208,swollen glands,shortness of breath,dry mouth,blurred vision,difficulty swallowing,,
Disease_209,frequent urination,rash,swollen glands,chest pain,diarrhea,loss of appetite,weight loss
Disease_210,ear pain,shortness of breath,difficulty swallowing,,,,
Disease_211,increased thirst,tremors,memory loss,,,,
Disease_212,swollen glands,weakness,numbness,memory loss,runny nose,dizziness,
Disease_213,shortness of breath,confusion,chest pain,low blood pressure,,,
Disease_214,light-colored stools,yellow skin,confusion,chest pain,frequent urination,abdominal pain,
Disease_215,abdominal pain,dizziness,joint pain,sweating,,,
Disease_216,cough,swollen glands,memory loss,fatigue,chest pain,loss of appetite,
Disease_217,sore throat,blurred vision,light-colored stools,,,,
Disease_218,diarrhea,cough,dark urine,,,,
Disease_219,increased thirst,frequent urination,swollen glands,dark urine,yellow skin,numbness,
Disease_220,skin redness,tremors,rash,memory loss,shortness of breath,cough,speech difficulty
Disease_221,ear pain,speech difficulty,sweating,weakness,,,
Disease_222,nausea,muscle pain,eye redness,weakness,,,
Disease_223,high blood pressure,chills,hair loss,confusion,,,
Disease_224,dry mouth,memory loss,light-colored stools,tremors,weakness,,
Disease_225,low blood pressure,hair loss,skin redness,tremors,blurred vision,high blood pressure,shortness of breath
Disease_226,ear pain,weight loss,cough,high blood pressure,weakness,light-colored stools,fatigue
Disease_227,high blood pressure,loss of appetite,ear pain,weakness,memory loss,fatigue,
Disease_228,low blood pressure,eye redness,itching,speech difficulty,weakness,,
Disease_229,ear pain,yellow skin,sore throat,dry mouth,,,
Disease_230,loss of appetite,weight loss,abdominal pain,,,,
Disease_231,weight loss,diarrhea,sore throat,increased thirst,,,
Disease_232,sore throat,tremors,skin redness,speech difficulty,chills,weight loss,high blood pressure
Disease_233,high blood pressure,sore throat,hair loss,weight loss,,,
Disease_234,joint pain,swollen glands,weakness,confusion,chest pain,low blood pressure,blurred vision
Disease_235,increased thirst,light-colored stools,muscle pain,high blood pressure,hair loss,sweating,
Disease_236,runny nose,loss of appetite,fever,,,,
Disease_237,yellow skin,high blood pressure,weight loss,diarrhea,,,
Disease_238,difficulty swallowing,dark urine,high blood pressure,eye redness,frequent urination,blurred vision,loss of appetite
Disease_239,dizziness,blurred vision,memory loss,,,,
Disease_240,chest pain,shortness of breath,rash,eye redness,numbness,cough,
Disease_241,itching,eye redness,increased thirst,tremors,headache,,
Disease_242,fatigue,chest pain,weakness,itching,,,
Disease_243,skin redness,loss of appetite,abdominal pain,,,,
Disease_244,high blood pressure,speech difficulty,sweating,shortness of breath,,,
Disease_245,skin redness,blurred vision,low blood pressure,numbness,,,
Disease_246,speech difficulty,high blood pressure,fatigue,sweating,blurred vision,headache,runny nose
Disease_247,numbness,sore throat,tremors,,,,
Disease_248,itching,speech difficulty,headache,abdominal pain,blurred vision,fatigue,dry mouth
Disease_249,muscle pain,sweating,difficulty swallowing,itching,joint pain,,
Disease_250,blurred vision,chest pain,sore throat,yellow skin,chills,hair loss,itching
Disease_251,frequent urination,ear pain,numbness,rash,light-colored stools,,
Disease_252,vomiting,nausea,loss of appetite,cough,eye redness,swollen glands,ear pain
Disease_253,hair loss,rash,loss of appetite,muscle pain,,,
Disease_254,dizziness,sweating,tremors,speech difficulty,low blood pressure,increased thirst,vomiting
Disease_255,dizziness,vomiting,chest pain,headache,fatigue,,
Disease_256,sweating,abdominal pain,weakness,nausea,fever,,
Disease_257,headache,tremors,weakness,shortness of breath,eye redness,,
Disease_258,skin redness,nausea,frequent urination,numbness,dizziness,cough,weakness
Disease_259,weight loss,sore throat,fever,dizziness,,,
Disease_260,ear pain,joint pain,swollen glands,weakness,muscle pain,memory loss,
Disease_261,diarrhea,dark urine,increased thirst,difficulty swallowing,muscle pain,fatigue,
Disease_262,nausea,swollen glands,weakness,,,,
Disease_263,hair loss,tremors,difficulty swallowing,,,,
Disease_264,rash,abdominal pain,speech difficulty,nausea,fever,numbness,
Disease_265,dizziness,dark urine,yellow skin,hair loss,shortness of breath,,
Disease_266,speech difficulty,memory loss,nausea,sore throat,rash,headache,fatigue
Disease_267,difficulty swallowing,memory loss,shortness of breath,sore throat,vomiting,fever,
Disease_268,yellow skin,eye redness,headache,,,,
Disease_269,blurred vision,fever,eye redness,,,,
Disease_270,cough,dizziness,light-colored stools,abdominal pain,weight loss,,
Disease_271,hair loss,numbness,weight loss,,,,
Disease_272,loss of appetite,chest pain,shortness of breath,difficulty swallowing,swollen glands,speech difficulty,
Disease_273,headache,increased thirst,memory loss,shortness of breath,ear pain,hair loss,dry mouth
Disease_274,confusion,yellow skin,loss of appetite,swollen glands,high blood pressure,light-colored stools,
Disease_275,headache,sore throat,dry mouth,sweating,loss of appetite,confusion,
Disease_276,low blood pressure,memory loss,speech difficulty,weakness,swollen glands,diarrhea,ear pain
Disease_277,runny nose,frequent urination,speech difficulty,numbness,,,
Disease_278,nausea,dizziness,blurred vision,shortness of breath,vomiting,high blood pressure,frequent urination
Disease_279,headache,frequent urination,increased thirst,joint pain,runny nose,weight loss,speech difficulty
Disease_280,dizziness,shortness of breath,eye redness,diarrhea,light-colored stools,abdominal pain,hair loss
Disease_281,headache,weight loss,sweating,memory loss,runny nose,,
Disease_282,itching,ear pain,cough,,,,
Disease_283,light-colored stools,chills,frequent urination,abdominal pain,cough,muscle pain,
Disease_284,hair loss,vomiting,dry mouth,frequent urination,light-colored stools,joint pain,
Disease_285,speech difficulty,skin redness,low blood pressure,abdominal pain,vomiting,diarrhea,
Disease_286,tremors,weight loss,light-colored stools,,,,
Disease_287,numbness,fever,low blood pressure,,,,
Disease_288,muscle pain,dizziness,chest pain,,,,
Disease_289,sweating,skin redness,runny nose,chills,,,
Disease_290,confusion,speech difficulty,dark urine,loss of appetite,,,
Disease_291,skin redness,itching,muscle pain,sore throat,cough,,
Disease_292,fever,itching,dizziness,,,,
Disease_293,diarrhea,itching,shortness of breath,hair loss,,,
Disease_294,cough,confusion,chest pain,,,,
Disease_295,swollen glands,speech difficulty,shortness of breath,headache,diarrhea,,
Disease_296,itching,swollen glands,frequent urination,sweating,weakness,diarrhea,runny nose
Disease_297,confusion,chills,diarrhea,fatigue,runny nose,,
Disease_298,fatigue,loss of appetite,vomiting,cough,runny nose,tremors,low blood pressure
Disease_299,headache,speech difficulty,light-colored stools,abdominal pain,fatigue,,
Disease_300,nausea,ear pain,fever,,,,
Disease_301,hair loss,numbness,difficulty swallowing,tremors,blurred vision,memory loss,
Disease_302,swollen glands,cough,dry mouth,increased thirst,diarrhea,hair loss,
Disease_303,increased thirst,high blood pressure,ear pain,,,,
Disease_304,fatigue,dry mouth,runny nose,hair loss,,,
Disease_305,memory loss,yellow skin,numbness,,,,
Disease_306,dry mouth,cough,blurred vision,yellow skin,confusion,difficulty swallowing,
Disease_307,dizziness,joint pain,tremors,frequent urination,light-colored stools,weakness,eye redness
Disease_308,shortness of breath,vomiting,light-colored stools,,,,
Disease_309,high blood pressure,joint pain,light-colored stools,dizziness,,,
Disease_310,loss of appetite,vomiting,joint pain,shortness of breath,itching,numbness,
Disease_311,nausea,fatigue,difficulty swallowing,,,,
Disease_312,increased thirst,ear pain,low blood pressure,diarrhea,headache,weight loss,abdominal pain
Disease_313,confusion,hair loss,sore throat,,,,
Disease_314,shortness of breath,runny nose,headache,muscle pain,blurred vision,tremors,
Disease_315,frequent urination,nausea,dizziness,increased thirst,low blood pressure,cough,high blood pressure
Disease_316,abdominal pain,hair loss,weakness,high blood pressure,,,
Disease_317,yellow skin,sore throat,eye redness,shortness of breath,tremors,joint pain,skin redness
Disease_318,eye redness,skin redness,blurred vision,difficulty swallowing,,,
Disease_319,abdominal pain,hair loss,loss of appetite,dark urine,frequent urination,memory loss,increased thirst
Disease_320,sweating,frequent urination,ear pain,diarrhea,,,
Disease_321,blurred vision,low blood pressure,diarrhea,skin redness,numbness,light-colored stools,speech difficulty
Disease_322,fatigue,increased thirst,dizziness,blurred vision,dry mouth,,
Disease_323,low blood pressure,headache,dry mouth,,,,
Disease_324,muscle pain,difficulty swallowing,sore throat,,,,
Disease_325,dry mouth,difficulty swallowing,frequent urination,diarrhea,itching,high blood pressure,
Disease_326,difficulty swallowing,shortness of breath,weight loss,runny nose,skin redness,dry mouth,nausea
Disease_327,itching,yellow skin,rash,,,,
Disease_328,tremors,low blood pressure,chest pain,shortness of breath,,,
Disease_329,diarrhea,confusion,weight loss,,,,
Disease_330,blurred vision,nausea,difficulty swallowing,diarrhea,dark urine,,
Disease_331,skin redness,ear pain,light-colored stools,blurred vision,high blood pressure,yellow skin,dizziness
Disease_332,sore throat,fever,nausea,,,,
Disease_333,fever,dark urine,sore throat,chills,yellow skin,frequent urination,
Disease_334,speech difficulty,loss of appetite,muscle pain,dark urine,dizziness,dry mouth,difficulty swallowing
Disease_335,memory loss,ear pain,increased thirst,fatigue,sore throat,,
Disease_336,speech difficulty,eye redness,low blood pressure,chills,headache,,
Disease_337,skin redness,difficulty swallowing,sweating,memory loss,nausea,ear pain,rash
Disease_338,hair loss,swollen glands,blurred vision,sweating,sore throat,itching,rash
Disease_339,eye redness,weight loss,runny nose,loss of appetite,,,
Disease_340,fever,difficulty swallowing,cough,hair loss,,,
Disease_341,difficulty swallowing,sweating,headache,low blood pressure,chest pain,rash,
Disease_342,nausea,confusion,memory loss,,,,
Disease_343,fever,sore throat,itching,low blood pressure,speech difficulty,,
Disease_344,abdominal pain,ear pain,high blood pressure,difficulty swallowing,increased thirst,,
Disease_345,dizziness,weakness,runny nose,diarrhea,,,
Disease_346,blurred vision,dark urine,numbness,abdominal pain,confusion,cough,
Disease_347,sweating,weight loss,chest pain,fever,confusion,nausea,runny nose
Disease_348,diarrhea,confusion,fever,runny nose,yellow skin,,
Disease_349,headache,yellow skin,difficulty swallowing,eye redness,increased thirst,,
Disease_350,runny nose,numbness,muscle pain,abdominal pain,tremors,,
Disease_351,sweating,headache,shortness of breath,yellow skin,dark urine,ear pain,eye redness
Disease_352,dry mouth,high blood pressure,numbness,light-colored stools,abdominal pain,chills,
Disease_353,weakness,memory loss,dizziness,,,,
Disease_354,skin redness,nausea,abdominal pain,,,,
Disease_355,dizziness,rash,diarrhea,sweating,,,
Disease_356,confusion,numbness,eye redness,,,,
Disease_357,yellow skin,memory loss,sore throat,headache,,,
Disease_358,skin redness,ear pain,dry mouth,yellow skin,fatigue,blurred vision,high blood pressure
Disease_359,high blood pressure,headache,fatigue,low blood pressure,weight loss,joint pain,
Disease_360,rash,muscle pain,vomiting,joint pain,,,
Disease_361,swollen glands,high blood pressure,tremors,cough,,,
Disease_362,shortness of breath,hair loss,itching,,,,
Disease_363,runny nose,sore throat,memory loss,chills,confusion,,
Disease_364,frequent urination,speech difficulty,weakness,blurred vision,light-colored stools,,
Disease_365,muscle pain,chest pain,blurred vision,weight loss,fever,,
Disease_366,speech difficulty,sore throat,nausea,,,,
Disease_367,skin redness,numbness,sore throat,swollen glands,,,
Disease_368,ear pain,shortness of breath,cough,nausea,,,
Disease_369,joint pain,abdominal pain,runny nose,cough,high blood pressure,speech difficulty,dry mouth
Disease_370,low blood pressure,vomiting,blurred vision,,,,
Disease_371,sore throat,frequent urination,hair loss,dizziness,memory loss,,
Disease_372,light-colored stools,abdominal pain,muscle pain,tremors,,,
Disease_373,memory loss,numbness,fatigue,,,,
Disease_374,numbness,fatigue,tremors,sweating,high blood pressure,,
Disease_375,yellow skin,hair loss,shortness of breath,dry mouth,headache,dizziness,diarrhea
Disease_376,numbness,runny nose,memory loss,itching,high blood pressure,sore throat,yellow skin
Disease_377,low blood pressure,muscle pain,loss of appetite,rash,abdominal pain,numbness,
Disease_378,fatigue,muscle pain,diarrhea,light-colored stools,loss of appetite,tremors,joint pain
Disease_379,confusion,numbness,sore throat,dizziness,skin redness,chest pain,
Disease_380,dizziness,vomiting,fever,chills,loss of appetite,weakness,runny nose
Disease_381,loss of appetite,shortness of breath,fatigue,,,,
Disease_382,muscle pain,blurred vision,chills,confusion,loss of appetite,dry mouth,abdominal pain
Disease_383,skin redness,diarrhea,low blood pressure,,,,
Disease_384,vomiting,rash,blurred vision,runny nose,abdominal pain,,
Disease_385,frequent urination,abdominal pain,runny nose,eye redness,low blood pressure,confusion,sweating
Disease_386,ear pain,nausea,joint pain,,,,
Disease_387,frequent urination,swollen glands,blurred vision,abdominal pain,itching,,
Disease_388,shortness of breath,numbness,high blood pressure,speech difficulty,,,
Disease_389,low blood pressure,vomiting,cough,dark urine,loss of appetite,,
Disease_390,frequent urination,sore throat,weight loss,tremors,yellow skin,dizziness,vomiting
Disease_391,swollen glands,increased thirst,chest pain,yellow skin,dark urine,joint pain,frequent urination
Disease_392,joint pain,abdominal pain,runny nose,,,,
Disease_393,speech difficulty,increased thirst,high blood pressure,sweating,chest pain,rash,diarrhea
Disease_394,runny nose,chills,chest pain,fever,tremors,loss of appetite,
Disease_395,sweating,dry mouth,hair loss,numbness,eye redness,headache,
Disease_396,tremors,itching,increased thirst,joint pain,,,
Disease_397,diarrhea,chills,increased thirst,hair loss,ear pain,,
Disease_398,dizziness,ear pain,diarrhea,confusion,,,
Disease_399,memory loss,skin redness,yellow skin,abdominal pain,runny nose,weakness,sore throat
Disease_400,weight loss,runny nose,frequent urination,weakness,blurred vision,ear pain,numbness
Disease_401,low blood pressure,high blood pressure,skin redness,weakness,light-colored stools,,
Disease_402,light-colored stools,low blood pressure,headache,rash,,,
Disease_403,shortness of breath,increased thirst,weight loss,rash,chills,,
Disease_404,high blood pressure,loss of appetite,dizziness,,,,
Disease_405,tremors,weight loss,skin redness,sore throat,,,
Disease_406,nausea,rash,weight loss,muscle pain,weakness,,
Disease_407,eye redness,abdominal pain,runny nose,fatigue,chills,low blood pressure,confusion
Disease_408,confusion,dry mouth,yellow skin,,,,
Disease_409,difficulty swallowing,muscle pain,itching,skin redness,light-colored stools,abdominal pain,frequent urination
Disease_410,ear pain,itching,tremors,dizziness,,,
Disease_411,fatigue,yellow skin,light-colored stools,,,,
Disease_412,itching,nausea,fatigue,,,,
Disease_413,numbness,low blood pressure,yellow skin,frequent urination,,,
Disease_414,hair loss,runny nose,dizziness,,,,
Disease_415,high blood pressure,yellow skin,fever,sore throat,,,
Disease_416,abdominal pain,confusion,difficulty swallowing,weakness,yellow skin,shortness of breath,
Disease_417,eye redness,runny nose,chest pain,increased thirst,,,
Disease_418,numbness,dry mouth,light-colored stools,diarrhea,muscle pain,swollen glands,ear pain
Disease_419,fatigue,chest pain,fever,itching,,,
Disease_420,itching,sweating,memory loss,blurred vision,dark urine,low blood pressure,skin redness
Disease_421,hair loss,weight loss,dark urine,low blood pressure,,,
Disease_422,weight loss,frequent urination,swollen glands,blurred vision,light-colored stools,high blood pressure,
Disease_423,headache,hair loss,vomiting,confusion,chest pain,chills,fatigue
Disease_424,diarrhea,blurred vision,abdominal pain,fatigue,itching,tremors,
Disease_425,speech difficulty,vomiting,hair loss,,,,
Disease_426,diarrhea,numbness,frequent urination,,,,
Disease_427,weakness,low blood pressure,dark urine,frequent urination,,,
Disease_428,hair loss,difficulty swallowing,headache,rash,itching,dark urine,chills
Disease_429,cough,weight loss,shortness of breath,ear pain,,,
Disease_430,dizziness,nausea,skin redness,chest pain,numbness,,
Disease_431,abdominal pain,sweating,increased thirst,sore throat,headache,,
Disease_432,high blood pressure,sweating,frequent urination,low blood pressure,numbness,,
Disease_433,sweating,shortness of breath,memory loss,,,,
Disease_434,eye redness,nausea,headache,fatigue,speech difficulty,,
Disease_435,dark urine,dizziness,vomiting,,,,
Disease_436,eye redness,light-colored stools,weight loss,dry mouth,low blood pressure,nausea,blurred vision
Disease_437,sore throat,increased thirst,shortness of breath,,,,
Disease_438,confusion,abdominal pain,muscle pain,dizziness,speech difficulty,runny nose,
Disease_439,shortness of breath,light-colored stools,increased thirst,,,,
Disease_440,fever,frequent urination,weight loss,shortness of breath,dry mouth,rash,
Disease_441,sweating,fever,ear pain,frequent urination,blurred vision,,
Disease_442,low blood pressure,difficulty swallowing,increased thirst,memory loss,shortness of breath,dry mouth,eye redness
Disease_443,abdominal pain,chills,sore throat,tremors,,,
Disease_444,fever,skin redness,yellow skin,rash,chills,muscle pain,increased thirst
Disease_445,skin redness,joint pain,sore throat,frequent urination,yellow skin,swollen glands,difficulty swallowing
Disease_446,joint pain,fever,weight loss,yellow skin,,,
Disease_447,weight loss,dizziness,dark urine,diarrhea,difficulty swallowing,,
Disease_448,headache,dark urine,cough,difficulty swallowing,,,
Disease_449,high blood pressure,numbness,vomiting,diarrhea,chest pain,light-colored stools,frequent urination
Disease_450,abdominal pain,cough,frequent urination,swollen glands,,,
Disease_451,difficulty swallowing,sore throat,blurred vision,low blood pressure,increased thirst,cough,
Disease_452,hair loss,confusion,skin redness,,,,
Disease_453,runny nose,memory loss,weakness,difficulty swallowing,,,
Disease_454,ear pain,cough,high blood pressure,hair loss,frequent urination,eye redness,light-colored stools
Disease_455,joint pain,fatigue,abdominal pain,dizziness,diarrhea,,
Disease_456,high blood pressure,runny nose,shortness of breath,sweating,eye redness,ear pain,headache
Disease_457,vomiting,blurred vision,fever,shortness of breath,abdominal pain,dry mouth,
Disease_458,fever,dizziness,dry mouth,confusion,,,
Disease_459,loss of appetite,chills,sore throat,vomiting,dizziness,weight loss,abdominal pain
Disease_460,ear pain,runny nose,diarrhea,skin redness,dizziness,memory loss,fever
Disease_461,ear pain,sweating,speech difficulty,increased thirst,confusion,,
Disease_462,confusion,skin redness,chills,fatigue,fever,tremors,
Disease_463,frequent urination,sweating,memory loss,diarrhea,runny nose,low blood pressure,hair loss
Disease_464,fatigue,cough,chills,low blood pressure,joint pain,difficulty swallowing,
Disease_465,weakness,speech difficulty,vomiting,,,,
Disease_466,low blood pressure,dizziness,rash,,,,
Disease_467,dry mouth,numbness,cough,high blood pressure,,,
Disease_468,nausea,dark urine,skin redness,,,,
Disease_469,confusion,dry mouth,swollen glands,,,,
Disease_470,chills,dizziness,difficulty swallowing,,,,
Disease_471,tremors,fatigue,shortness of breath,rash,chills,hair loss,
Disease_472,swollen glands,low blood pressure,speech difficulty,dizziness,,,
Disease_473,eye redness,frequent urination,sweating,dry mouth,,,
Disease_474,vomiting,weight loss,chills,abdominal pain,rash,high blood pressure,
Disease_475,joint pain,fever,abdominal pain,,,,
Disease_476,itching,tremors,numbness,chills,fever,memory loss,cough
Disease_477,chills,light-colored stools,speech difficulty,tremors,swollen glands,chest pain,
Disease_478,sore throat,numbness,fever,headache,nausea,,
Disease_479,cough,high blood pressure,blurred vision,low blood pressure,chills,tremors,
Disease_480,dizziness,itching,nausea,low blood pressure,muscle pain,,
Disease_481,difficulty swallowing,rash,joint pain,skin redness,yellow skin,tremors,weight loss
Disease_482,frequent urination,cough,loss of appetite,,,,
Disease_483,frequent urination,difficulty swallowing,rash,tremors,,,
Disease_484,weight loss,hair loss,runny nose,,,,
Disease_485,high blood pressure,dark urine,nausea,itching,low blood pressure,cough,abdominal pain
Disease_486,sore throat,numbness,difficulty swallowing,,,,
Disease_487,shortness of breath,sore throat,joint pain,diarrhea,,,
Disease_488,loss of appetite,dry mouth,skin redness,,,,
Disease_489,shortness of breath,yellow skin,confusion,fever,low blood pressure,memory loss,
Disease_490,blurred vision,frequent urination,runny nose,low blood pressure,difficulty swallowing,weakness,diarrhea
Disease_491,shortness of breath,sore throat,dark urine,weakness,diarrhea,,
Disease_492,dark urine,joint pain,dry mouth,,,,
Disease_493,loss of appetite,difficulty swallowing,sweating,ear pain,rash,,
Disease_494,high blood pressure,low blood pressure,light-colored stools,difficulty swallowing,increased thirst,numbness,weight loss
Disease_495,abdominal pain,dry mouth,blurred vision,increased thirst,vomiting,shortness of breath,light-colored stools
Disease_496,sweating,runny nose,light-colored stools,vomiting,headache,swollen glands,numbness
Disease_497,sore throat,high blood pressure,rash,hair loss,,,
Disease_498,muscle pain,light-colored stools,yellow skin,dry mouth,,,
Disease_499,blurred vision,frequent urination,shortness of breath,cough,high blood pressure,,
Disease_500,confusion,difficulty swallowing,memory loss,skin redness,light-colored stools,speech difficulty,
Disease_501,shortness of breath,rash,memory loss,runny nose,nausea,abdominal pain,
Disease_502,difficulty swallowing,dry mouth,memory loss,,,,
Disease_503,tremors,high blood pressure,swollen glands,chest pain,dark urine,,
Disease_504,numbness,fever,dry mouth,sweating,,,
Disease_505,low blood pressure,skin redness,sore throat,,,,
Disease_506,yellow skin,fever,eye redness,vomiting,high blood pressure,runny nose,diarrhea
Disease_507,fatigue,rash,loss of appetite,weakness,muscle pain,dark urine,
Disease_508,fever,nausea,hair loss,,,,
Disease_509,fatigue,skin redness,confusion,swollen glands,chest pain,loss of appetite,
Disease_510,rash,frequent urination,chills,low blood pressure,chest pain,weight loss,
Disease_511,headache,chest pain,swollen glands,rash,memory loss,increased thirst,
Disease_512,weakness,weight loss,shortness of breath,chest pain,runny nose,,
Disease_513,sore throat,diarrhea,ear pain,eye redness,itching,dry mouth,high blood pressure
Disease_514,fever,hair loss,dizziness,weight loss,,,
Disease_515,swollen glands,muscle pain,shortness of breath,,,,
Disease_516,increased thirst,abdominal pain,speech difficulty,hair loss,,,
Disease_517,frequent urination,abdominal pain,high blood pressure,,,,
Disease_518,blurred vision,itching,weight loss,difficulty swallowing,memory loss,,
Disease_519,ear pain,low blood pressure,fever,sore throat,joint pain,runny nose,increased thirst
Disease_520,dark urine,high blood pressure,light-colored stools,weakness,confusion,,
Disease_521,skin redness,weight loss,itching,blurred vision,hair loss,light-colored stools,fever
Disease_522,frequent urination,light-colored stools,eye redness,numbness,yellow skin,,
Disease_523,sweating,loss of appetite,abdominal pain,eye redness,memory loss,,
Disease_524,skin redness,fatigue,itching,muscle pain,increased thirst,dry mouth,
Disease_525,skin redness,tremors,rash,sweating,shortness of breath,,
Disease_526,numbness,dizziness,frequent urination,,,,
Disease_527,confusion,weakness,runny nose,ear pain,high blood pressure,,
Disease_528,dark urine,swollen glands,blurred vision,dry mouth,joint pain,weight loss,
Disease_529,weakness,nausea,tremors,,,,
Disease_530,joint pain,cough,skin redness,speech difficulty,yellow skin,chills,
Disease_531,fatigue,weakness,memory loss,rash,muscle pain,,
Disease_532,weight loss,skin redness,sore throat,abdominal pain,headache,sweating,difficulty swallowing
Disease_533,dry mouth,ear pain,abdominal pain,weakness,itching,headache,chest pain
Disease_534,muscle pain,cough,shortness of breath,,,,
Disease_535,numbness,skin redness,increased thirst,yellow skin,,,
Disease_536,ear pain,tremors,itching,joint pain,dizziness,swollen glands,light-colored stools
Disease_537,nausea,blurred vision,chills,skin redness,,,
Disease_538,joint pain,runny nose,loss of appetite,difficulty swallowing,chills,increased thirst,rash
Disease_539,fatigue,eye redness,confusion,difficulty swallowing,skin redness,nausea,blurred vision
Disease_540,blurred vision,increased thirst,hair loss,dizziness,,,
Disease_541,diarrhea,runny nose,skin redness,weakness,fever,,
Disease_542,light-colored stools,diarrhea,runny nose,weakness,,,
Disease_543,hair loss,yellow skin,cough,vomiting,,,
Disease_544,frequent urination,skin redness,fatigue,,,,
Disease_545,memory loss,chills,light-colored stools,nausea,,,
Disease_546,numbness,blurred vision,shortness of breath,fatigue,difficulty swallowing,yellow skin,
Disease_547,joint pain,memory loss,headache,,,,
Disease_548,blurred vision,runny nose,confusion,,,,
Disease_549,weakness,dark urine,low blood pressure,vomiting,runny nose,memory loss,high blood pressure
Disease_550,eye redness,frequent urination,muscle pain,dry mouth,cough,weight loss,
Disease_551,chest pain,fever,chills,weight loss,headache,,
Disease_552,dark urine,shortness of breath,cough,sore throat,muscle pain,high blood pressure,
Disease_553,memory loss,tremors,skin redness,,,,
Disease_554,weakness,runny nose,diarrhea,fever,difficulty swallowing,headache,skin redness
Disease_555,dizziness,tremors,speech difficulty,nausea,loss of appetite,itching,
Disease_556,headache,joint pain,chills,loss of appetite,shortness of breath,,
Disease_557,hair loss,chest pain,weakness,joint pain,,,
Disease_558,light-colored stools,numbness,shortness of breath,cough,,,
Disease_559,sore throat,dizziness,weight loss,memory loss,rash,nausea,
Disease_560,abdominal pain,shortness of breath,low blood pressure,fatigue,,,
Disease_561,frequent urination,loss of appetite,speech difficulty,,,,
Disease_562,swollen glands,itching,confusion,numbness,vomiting,difficulty swallowing,speech difficulty
Disease_563,fatigue,hair loss,skin redness,sore throat,memory loss,low blood pressure,eye redness
Disease_564,tremors,chest pain,runny nose,swollen glands,rash,,
Disease_565,dark urine,dry mouth,cough,fever,vomiting,confusion,
Disease_566,skin redness,difficulty swallowing,confusion,tremors,abdominal pain,,
Disease_567,fever,numbness,light-colored stools,weight loss,rash,yellow skin,
Disease_568,weight loss,cough,skin redness,runny nose,swollen glands,difficulty swallowing,
Disease_569,low blood pressure,chest pain,dry mouth,light-colored stools,weakness,,
Disease_570,numbness,low blood pressure,weight loss,,,,
Disease_571,increased thirst,muscle pain,yellow skin,sore throat,,,
Disease_572,itching,sweating,low blood pressure,difficulty swallowing,light-colored stools,fever,chills
Disease_573,weakness,chills,hair loss,frequent urination,dizziness,joint pain,nausea
Disease_574,vomiting,tremors,sweating,low blood pressure,chest pain,loss of appetite,
Disease_575,swollen glands,cough,dark urine,shortness of breath,skin redness,light-colored stools,
Disease_576,dry mouth,blurred vision,speech difficulty,nausea,high blood pressure,eye redness,shortness of breath
Disease_577,difficulty swallowing,muscle pain,diarrhea,hair loss,,,
Disease_578,confusion,chills,headache,,,,
Disease_579,confusion,loss of appetite,dark urine,,,,
Disease_580,high blood pressure,light-colored stools,blurred vision,,,,
Disease_581,weakness,muscle pain,fatigue,increased thirst,,,
Disease_582,difficulty swallowing,high blood pressure,nausea,weight loss,dizziness,sore throat,
Disease_583,joint pain,headache,runny nose,rash,nausea,numbness,speech difficulty
Disease_584,increased thirst,dark urine,dry mouth,cough,diarrhea,headache,
Disease_585,dark urine,dry mouth,chills,,,,
Disease_586,cough,vomiting,skin redness,,,,
Disease_587,dry mouth,fever,yellow skin,rash,abdominal pain,,
Disease_588,weight loss,confusion,diarrhea,chest pain,itching,abdominal pain,
Disease_589,sweating,high blood pressure,diarrhea,dark urine,skin redness,,
Disease_590,joint pain,speech difficulty,nausea,weight loss,loss of appetite,,
Disease_591,increased thirst,speech difficulty,dark urine,frequent urination,difficulty swallowing,weakness,
Disease_592,joint pain,abdominal pain,speech difficulty,,,,
Disease_593,confusion,skin redness,loss of appetite,fatigue,,,
Disease_594,low blood pressure,chest pain,abdominal pain,dry mouth,,,
Disease_595,skin redness,yellow skin,confusion,fever,increased thirst,,
Disease_596,difficulty swallowing,low blood pressure,muscle pain,sweating,runny nose,shortness of breath,
Disease_597,numbness,skin redness,high blood pressure,increased thirst,loss of appetite,light-colored stools,vomiting
Disease_598,chills,diarrhea,dizziness,,,,
Disease_599,sore throat,swollen glands,chills,fatigue,weight loss,itching,abdominal pain
Disease_600,increased thirst,high blood pressure,weight loss,hair loss,sore throat,numbness,joint pain
Disease_601,weakness,headache,memory loss,abdominal pain,,,
Disease_602,weakness,blurred vision,speech difficulty,light-colored stools,,,
Disease_603,chills,fever,frequent urination,,,,
Disease_604,blurred vision,hair loss,cough,,,,
Disease_605,itching,skin redness,loss of appetite,fatigue,low blood pressure,shortness of breath,swollen glands
Disease_606,difficulty swallowing,nausea,yellow skin,rash,loss of appetite,tremors,
Disease_607,tremors,weakness,diarrhea,,,,
Disease_608,joint pain,numbness,yellow skin,,,,
Disease_609,yellow skin,rash,runny nose,nausea,,,
Disease_610,skin redness,ear pain,vomiting,increased thirst,,,
Disease_611,speech difficulty,diarrhea,abdominal pain,,,,
Disease_612,dry mouth,sweating,ear pain,low blood pressure,confusion,difficulty swallowing,
Disease_613,increased thirst,speech difficulty,dizziness,swollen glands,low blood pressure,confusion,headache
Disease_614,dizziness,frequent urination,swollen glands,cough,weakness,rash,
Disease_615,dizziness,muscle pain,tremors,confusion,memory loss,,
Disease_616,memory loss,diarrhea,ear pain,,,,
Disease_617,dark urine,swollen glands,speech difficulty,runny nose,itching,yellow skin,
Disease_618,rash,dry mouth,nausea,low blood pressure,shortness of breath,,
Disease_619,eye redness,swollen glands,yellow skin,,,,
Disease_620,sore throat,dark urine,chest pain,weakness,memory loss,,
Disease_621,diarrhea,yellow skin,sweating,difficulty swallowing,rash,,
Disease_622,tremors,rash,confusion,weight loss,,,
Disease_623,light-colored stools,yellow skin,cough,itching,,,
Disease_624,vomiting,high blood pressure,frequent urination,,,,
Disease_625,loss of appetite,fever,muscle pain,dry mouth,speech difficulty,diarrhea,
Disease_626,chest pain,memory loss,frequent urination,low blood pressure,light-colored stools,nausea,
Disease_627,loss of appetite,tremors,light-colored stools,high blood pressure,ear pain,,
Disease_628,muscle pain,runny nose,eye redness,blurred vision,cough,sweating,
Disease_629,sore throat,light-colored stools,skin redness,confusion,increased thirst,tremors,
Disease_630,confusion,vomiting,frequent urination,sweating,shortness of breath,weight loss,
Disease_631,high blood pressure,runny nose,chest pain,hair loss,,,
Disease_632,yellow skin,fever,confusion,sweating,,,
Disease_633,chest pain,runny nose,dark urine,chills,,,
Disease_634,skin redness,cough,numbness,blurred vision,,,
Disease_635,diarrhea,fatigue,hair loss,chills,nausea,dizziness,high blood pressure
Disease_636,muscle pain,eye redness,swollen glands,fatigue,cough,shortness of breath,
Disease_637,chills,cough,weight loss,,,,
Disease_638,dry mouth,low blood pressure,confusion,chills,speech difficulty,loss of appetite,vomiting
Disease_639,rash,muscle pain,chest pain,,,,
Disease_640,loss of appetite,chest pain,muscle pain,speech difficulty,,,
Disease_641,vomiting,chills,joint pain,frequent urination,,,
Disease_642,shortness of breath,hair loss,light-colored stools,ear pain,confusion,muscle pain,
Disease_643,high blood pressure,itching,dizziness,weight loss,eye redness,,
Disease_644,numbness,fatigue,tremors,high blood pressure,dark urine,diarrhea,
Disease_645,yellow skin,sweating,memory loss,rash,light-colored stools,joint pain,confusion
Disease_646,vomiting,speech difficulty,cough,,,,
Disease_647,tremors,shortness of breath,eye redness,dry mouth,dizziness,light-colored stools,
Disease_648,muscle pain,swollen glands,numbness,dry mouth,,,
Disease_649,blurred vision,fever,increased thirst,,,,
Disease_650,joint pain,hair loss,loss of appetite,muscle pain,swollen glands,dizziness,
Disease_651,dizziness,speech difficulty,dark urine,vomiting,confusion,weakness,
Disease_652,tremors,fatigue,low blood pressure,chills,blurred vision,,
Disease_653,dark urine,nausea,itching,high blood pressure,blurred vision,weight loss,
Disease_654,speech difficulty,ear pain,light-colored stools,,,,
Disease_655,headache,rash,sweating,hair loss,memory loss,dark urine,
Disease_656,loss of appetite,frequent urination,difficulty swallowing,,,,
Disease_657,fever,low blood pressure,rash,,,,
Disease_658,hair loss,dry mouth,memory loss,tremors,itching,ear pain,
Disease_659,fever,chills,low blood pressure,confusion,increased thirst,difficulty swallowing,headache
Disease_660,abdominal pain,diarrhea,high blood pressure,itching,,,
Disease_661,dizziness,memory loss,yellow skin,increased thirst,loss of appetite,high blood pressure,tremors
Disease_662,chest pain,tremors,chills,eye redness,,,
Disease_663,fatigue,frequent urination,itching,,,,
Disease_664,joint pain,nausea,abdominal pain,fever,,,
Disease_665,weakness,dark urine,shortness of breath,loss of appetite,,,
Disease_666,dry mouth,runny nose,headache,sweating,weakness,joint pain,
Disease_667,cough,sore throat,memory loss,dry mouth,abdominal pain,vomiting,weakness
Disease_668,headache,low blood pressure,itching,fever,,,
Disease_669,joint pain,increased thirst,light-colored stools,high blood pressure,runny nose,abdominal pain,
Disease_670,confusion,skin redness,yellow skin,dry mouth,,,
Disease_671,dizziness,fatigue,yellow skin,ear pain,frequent urination,cough,
Disease_672,fatigue,blurred vision,rash,weakness,,,
Disease_673,yellow skin,runny nose,increased thirst,ear pain,,,
Disease_674,runny nose,ear pain,sore throat,increased thirst,dry mouth,tremors,
Disease_675,yellow skin,fatigue,chest pain,,,,
Disease_676,yellow skin,sweating,ear pain,cough,weight loss,,
Disease_677,ear pain,chest pain,weakness,dizziness,,,
Disease_678,sweating,tremors,weight loss,high blood pressure,skin redness,,
Disease_679,headache,increased thirst,yellow skin,dry mouth,,,
Disease_680,rash,fatigue,hair loss,itching,sore throat,weight loss,
Disease_681,fever,increased thirst,fatigue,light-colored stools,high blood pressure,,
Disease_682,ear pain,nausea,high blood pressure,diarrhea,low blood pressure,,
Disease_683,frequent urination,runny nose,blurred vision,chills,loss of appetite,yellow skin,
Disease_684,vomiting,joint pain,sweating,,,,
Disease_685,hair loss,swollen glands,skin redness,confusion,chest pain,yellow skin,
Disease_686,muscle pain,vomiting,weakness,memory loss,,,
Disease_687,yellow skin,abdominal pain,muscle pain,dark urine,loss of appetite,numbness,chills
Disease_688,high blood pressure,low blood pressure,cough,diarrhea,,,
Disease_689,cough,headache,chills,high blood pressure,,,
Disease_690,confusion,increased thirst,frequent urination,low blood pressure,tremors,light-colored stools,
Disease_691,runny nose,nausea,cough,skin redness,difficulty swallowing,ear pain,
Disease_692,numbness,nausea,dizziness,weight loss,hair loss,,
Disease_693,joint pain,loss of appetite,weight loss,blurred vision,eye redness,,
Disease_694,runny nose,vomiting,memory loss,,,,
Disease_695,speech difficulty,swollen glands,increased thirst,runny nose,loss of appetite,muscle pain,
Disease_696,loss of appetite,fatigue,dry mouth,chills,,,
Disease_697,increased thirst,dry mouth,blurred vision,high blood pressure,dizziness,confusion,
Disease_698,dizziness,cough,skin redness,rash,sore throat,increased thirst,diarrhea
Disease_699,low blood pressure,vomiting,weakness,loss of appetite,diarrhea,ear pain,speech difficulty
Disease_700,high blood pressure,numbness,weakness,confusion,joint pain,,
Disease_701,loss of appetite,weight loss,fever,,,,
Disease_702,chest pain,headache,joint pain,,,,
Disease_703,dizziness,fever,headache,difficulty swallowing,diarrhea,vomiting,
Disease_704,memory loss,blurred vision,loss of appetite,dry mouth,eye redness,increased thirst,
Disease_705,eye redness,ear pain,speech difficulty,joint pain,sweating,,
Disease_706,rash,confusion,speech difficulty,hair loss,ear pain,vomiting,fatigue
Disease_707,low blood pressure,yellow skin,fever,joint pain,,,
Disease_708,fever,joint pain,memory loss,,,,
Disease_709,fever,loss of appetite,swollen glands,confusion,,,
Disease_710,loss of appetite,fatigue,weakness,numbness,,,
Disease_711,low blood pressure,headache,weakness,nausea,joint pain,,
Disease_712,increased thirst,dark urine,cough,ear pain,,,
Disease_713,sweating,abdominal pain,vomiting,,,,
Disease_714,weight loss,fatigue,weakness,rash,ear pain,,
Disease_715,difficulty swallowing,low blood pressure,eye redness,fatigue,high blood pressure,,
Disease_716,fatigue,loss of appetite,tremors,yellow skin,dizziness,skin redness,speech difficulty
Disease_717,low blood pressure,chest pain,fever,light-colored stools,yellow skin,joint pain,
Disease_718,low blood pressure,fatigue,increased thirst,sweating,loss of appetite,weight loss,
Disease_719,dizziness,weakness,hair loss,abdominal pain,speech difficulty,swollen glands,
Disease_720,shortness of breath,swollen glands,numbness,,,,
Disease_721,tremors,cough,fatigue,difficulty swallowing,,,
Disease_722,increased thirst,frequent urination,chest pain,weight loss,difficulty swallowing,speech difficulty,
Disease_723,headache,light-colored stools,weakness,runny nose,chest pain,difficulty swallowing,
Disease_724,high blood pressure,fever,vomiting,abdominal pain,weight loss,,
Disease_725,vomiting,memory loss,loss of appetite,cough,,,
Disease_726,blurred vision,frequent urination,confusion,muscle pain,chills,high blood pressure,weakness
Disease_727,yellow skin,rash,fever,blurred vision,swollen glands,,
Disease_728,headache,memory loss,chills,hair loss,ear pain,vomiting,dry mouth
Disease_729,difficulty swallowing,rash,loss of appetite,,,,
Disease_730,increased thirst,cough,headache,hair loss,itching,,
Disease_731,weight loss,cough,fatigue,hair loss,nausea,eye redness,
Disease_732,fatigue,shortness of breath,chills,weakness,sore throat,numbness,runny nose
Disease_733,yellow skin,runny nose,eye redness,swollen glands,joint pain,ear pain,skin redness
Disease_734,sore throat,hair loss,dry mouth,blurred vision,fever,runny nose,
Disease_735,nausea,dizziness,loss of appetite,chest pain,memory loss,,
Disease_736,weakness,diarrhea,tremors,,,,
Disease_737,fatigue,increased thirst,frequent urination,cough,headache,light-colored stools,
Disease_738,difficulty swallowing,vomiting,swollen glands,abdominal pain,,,
Disease_739,weakness,numbness,low blood pressure,rash,difficulty swallowing,light-colored stools,
Disease_740,speech difficulty,tremors,difficulty swallowing,headache,,,
Disease_741,dark urine,ear pain,dry mouth,,,,
Disease_742,speech difficulty,confusion,high blood pressure,shortness of breath,cough,abdominal pain,sore throat
Disease_743,high blood pressure,sore throat,dark urine,abdominal pain,headache,,
Disease_744,muscle pain,diarrhea,yellow skin,high blood pressure,,,
Disease_745,numbness,dark urine,swollen glands,,,,
Disease_746,vomiting,dry mouth,rash,chills,,,
Disease_747,shortness of breath,skin redness,light-colored stools,dizziness,difficulty swallowing,,
Disease_748,shortness of breath,joint pain,chest pain,sweating,,,
Disease_749,ear pain,sore throat,joint pain,,,,
Disease_750,headache,hair loss,dizziness,nausea,,,
Disease_751,cough,ear pain,yellow skin,abdominal pain,,,
Disease_752,memory loss,itching,speech difficulty,loss of appetite,ear pain,,
Disease_753,confusion,high blood pressure,shortness of breath,fatigue,weight loss,fever,diarrhea
Disease_754,tremors,rash,muscle pain,,,,
Disease_755,swollen glands,joint pain,frequent urination,increased thirst,low blood pressure,,
Disease_756,frequent urination,chest pain,joint pain,yellow skin,weight loss,rash,
Disease_757,nausea,vomiting,tremors,increased thirst,shortness of breath,confusion,
Disease_758,joint pain,frequent urination,tremors,,,,
Disease_759,fever,joint pain,yellow skin,abdominal pain,high blood pressure,,
Disease_760,itching,eye redness,low blood pressure,ear pain,runny nose,,
Disease_761,itching,frequent urination,chest pain,,,,
Disease_762,nausea,chills,speech difficulty,skin redness,,,
Disease_763,loss of appetite,hair loss,skin redness,joint pain,shortness of breath,fatigue,dark urine
Disease_764,confusion,blurred vision,dark urine,dizziness,speech difficulty,,
Disease_765,fatigue,cough,weight loss,,,,
Disease_766,blurred vision,weight loss,speech difficulty,abdominal pain,skin redness,fatigue,low blood pressure
Disease_767,itching,difficulty swallowing,memory loss,,,,
Disease_768,itching,speech difficulty,yellow skin,,,,
Disease_769,abdominal pain,tremors,shortness of breath,itching,eye redness,,
Disease_770,abdominal pain,loss of appetite,cough,,,,
Disease_771,vomiting,joint pain,sweating,speech difficulty,blurred vision,itching,chest pain
Disease_772,ear pain,chills,dark urine,weight loss,eye redness,low blood pressure,fever
Disease_773,blurred vision,high blood pressure,skin redness,,,,
Disease_774,blurred vision,fever,memory loss,loss of appetite,weakness,muscle pain,ear pain
Disease_775,swollen glands,eye redness,vomiting,,,,
Disease_776,headache,skin redness,speech difficulty,sore throat,,,
Disease_777,shortness of breath,chills,sweating,joint pain,nausea,headache,
Disease_778,runny nose,blurred vision,chills,weakness,,,
Disease_779,fever,eye redness,dizziness,chest pain,muscle pain,runny nose,low blood pressure
Disease_780,joint pain,eye redness,abdominal pain,swollen glands,diarrhea,,
Disease_781,loss of appetite,high blood pressure,weight loss,memory loss,itching,confusion,chest pain
Disease_782,swollen glands,vomiting,difficulty swallowing,joint pain,,,
Disease_783,dark urine,ear pain,weight loss,nausea,shortness of breath,,
Disease_784,frequent urination,confusion,hair loss,nausea,rash,shortness of breath,
Disease_785,muscle pain,cough,itching,,,,
Disease_786,chest pain,shortness of breath,numbness,nausea,diarrhea,,
Disease_787,muscle pain,abdominal pain,nausea,tremors,diarrhea,,
Disease_788,light-colored stools,chills,high blood pressure,joint pain,runny nose,,
Disease_789,loss of appetite,high blood pressure,nausea,,,,
Disease_790,difficulty swallowing,eye redness,dry mouth,confusion,,,
Disease_791,fever,chills,loss of appetite,,,,
Disease_792,light-colored stools,sweating,increased thirst,rash,loss of appetite,,
Disease_793,runny nose,shortness of breath,rash,memory loss,cough,,
Disease_794,memory loss,muscle pain,dark urine,hair loss,itching,rash,headache
Disease_795,joint pain,swollen glands,abdominal pain,yellow skin,itching,light-colored stools,loss of appetite
Disease_796,skin redness,itching,numbness,,,,
Disease_797,frequent urination,weight loss,fatigue,confusion,blurred vision,weakness,light-colored stools
Disease_798,fever,high blood pressure,rash,,,,
Disease_799,confusion,nausea,weakness,,,,
Disease_800,cough,diarrhea,dry mouth,blurred vision,numbness,confusion,
Disease_801,light-colored stools,increased thirst,fatigue,vomiting,frequent urination,,
Disease_802,difficulty swallowing,chest pain,increased thirst,weakness,,,
Disease_803,low blood pressure,weakness,fever,light-colored stools,difficulty swallowing,tremors,itching
Disease_804,chills,sweating,frequent urination,numbness,increased thirst,,
Disease_805,speech difficulty,fatigue,dizziness,joint pain,blurred vision,weakness,increased thirst
Disease_806,itching,headache,light-colored stools,cough,,,
Disease_807,shortness of breath,ear pain,dry mouth,chest pain,chills,memory loss,rash
Disease_808,chest pain,memory loss,abdominal pain,rash,confusion,,
Disease_809,blurred vision,shortness of breath,dry mouth,sore throat,dizziness,memory loss,fever
Disease_810,fatigue,frequent urination,tremors,shortness of breath,chest pain,blurred vision,cough
Disease_811,memory loss,sweating,dry mouth,rash,dark urine,joint pain,eye redness
Disease_812,low blood pressure,difficulty swallowing,itching,abdominal pain,memory loss,,
Disease_813,ear pain,hair loss,eye redness,tremors,dry mouth,,
Disease_814,sore throat,itching,increased thirst,low blood pressure,high blood pressure,,
Disease_815,muscle pain,dry mouth,weight loss,difficulty swallowing,tremors,increased thirst,light-colored stools
Disease_816,speech difficulty,skin redness,confusion,diarrhea,hair loss,dark urine,
Disease_817,increased thirst,loss of appetite,numbness,,,,
Disease_818,eye redness,sweating,muscle pain,vomiting,dark urine,weakness,headache
Disease_819,joint pain,vomiting,skin redness,headache,swollen glands,,
Disease_820,loss of appetite,vomiting,tremors,sore throat,cough,,
Disease_821,joint pain,dark urine,runny nose,dry mouth,,,
Disease_822,fatigue,skin redness,vomiting,runny nose,fever,light-colored stools,itching
Disease_823,dark urine,dizziness,headache,hair loss,swollen glands,light-colored stools,
Disease_824,numbness,speech difficulty,shortness of breath,muscle pain,dizziness,blurred vision,difficulty swallowing
Disease_825,blurred vision,frequent urination,fatigue,,,,
Disease_826,headache,speech difficulty,fever,blurred vision,sore throat,numbness,high blood pressure
Disease_827,cough,nausea,rash,eye redness,dark urine,headache,tremors
Disease_828,confusion,memory loss,chest pain,tremors,fever,weakness,diarrhea
Disease_829,yellow skin,chest pain,dizziness,fever,itching,dry mouth,
Disease_830,nausea,sore throat,difficulty swallowing,memory loss,light-colored stools,weakness,tremors
Disease_831,frequent urination,dry mouth,numbness,diarrhea,,,
Disease_832,confusion,nausea,weight loss,sweating,diarrhea,joint pain,
Disease_833,difficulty swallowing,yellow skin,high blood pressure,numbness,abdominal pain,,
Disease_834,speech difficulty,tremors,loss of appetite,blurred vision,,,
Disease_835,diarrhea,sweating,increased thirst,,,,
Disease_836,loss of appetite,rash,shortness of breath,confusion,chest pain,,
Disease_837,dizziness,fatigue,fever,light-colored stools,abdominal pain,,
Disease_838,confusion,weight loss,shortness of breath,speech difficulty,dry mouth,increased thirst,
Disease_839,weakness,dizziness,diarrhea,joint pain,rash,runny nose,
Disease_840,runny nose,memory loss,muscle pain,eye redness,,,
Disease_841,skin redness,dark urine,swollen glands,high blood pressure,runny nose,hair loss,
Disease_842,increased thirst,joint pain,weakness,vomiting,blurred vision,muscle pain,
Disease_843,rash,eye redness,dizziness,low blood pressure,,,
Disease_844,chest pain,ear pain,sweating,,,,
Disease_845,light-colored stools,diarrhea,rash,dizziness,fever,frequent urination,
Disease_846,hair loss,dizziness,low blood pressure,rash,sore throat,,
Disease_847,muscle pain,hair loss,headache,frequent urination,nausea,tremors,weakness
Disease_848,sore throat,numbness,high blood pressure,speech difficulty,increased thirst,dizziness,
Disease_849,low blood pressure,blurred vision,tremors,increased thirst,dark urine,chest pain,dry mouth
Disease_850,cough,dark urine,swollen glands,fatigue,blurred vision,tremors,vomiting
Disease_851,ear pain,weakness,muscle pain,joint pain,sweating,,
Disease_852,diarrhea,high blood pressure,rash,eye redness,,,
Disease_853,sweating,dizziness,increased thirst,,,,
Disease_854,speech difficulty,diarrhea,chest pain,blurred vision,dark urine,,
Disease_855,itching,memory loss,chest pain,diarrhea,,,
Disease_856,hair loss,shortness of breath,muscle pain,abdominal pain,cough,vomiting,
Disease_857,weight loss,muscle pain,rash,eye redness,abdominal pain,,
Disease_858,dry mouth,dizziness,rash,sweating,,,
Disease_859,chills,tremors,shortness of breath,vomiting,frequent urination,confusion,
Disease_860,rash,shortness of breath,ear pain,swollen glands,,,
Disease_861,nausea,numbness,dry mouth,confusion,,,
Disease_862,sweating,numbness,dizziness,speech difficulty,,,
Disease_863,abdominal pain,vomiting,ear pain,fatigue,high blood pressure,,
Disease_864,headache,light-colored stools,memory loss,,,,
Disease_865,blurred vision,weakness,skin redness,nausea,difficulty swallowing,confusion,
Disease_866,ear pain,low blood pressure,light-colored stools,headache,weight loss,,
Disease_867,speech difficulty,fever,hair loss,,,,
Disease_868,skin redness,runny nose,speech difficulty,,,,
Disease_869,vomiting,rash,nausea,loss of appetite,,,
Disease_870,tremors,swollen glands,sore throat,light-colored stools,nausea,dry mouth,
Disease_871,dark urine,cough,dry mouth,yellow skin,frequent urination,skin redness,
Disease_872,hair loss,shortness of breath,fatigue,,,,
Disease_873,skin redness,weakness,weight loss,headache,,,
Disease_874,tremors,nausea,ear pain,yellow skin,skin redness,dizziness,
Disease_875,blurred vision,chills,rash,cough,shortness of breath,abdominal pain,muscle pain
Disease_876,tremors,blurred vision,nausea,memory loss,weight loss,ear pain,difficulty swallowing
Disease_877,swollen glands,rash,numbness,dry mouth,,,
Disease_878,blurred vision,dizziness,vomiting,,,,
Disease_879,low blood pressure,yellow skin,tremors,dark urine,swollen glands,increased thirst,
Disease_880,high blood pressure,increased thirst,confusion,swollen glands,,,
Disease_881,sweating,difficulty swallowing,weight loss,hair loss,nausea,diarrhea,
Disease_882,ear pain,memory loss,itching,runny nose,swollen glands,weakness,dizziness
Disease_883,high blood pressure,eye redness,frequent urination,tremors,,,
Disease_884,fatigue,fever,swollen glands,dizziness,confusion,,
Disease_885,abdominal pain,loss of appetite,dry mouth,,,,
Disease_886,dry mouth,skin redness,chest pain,eye redness,vomiting,,
Disease_887,weight loss,headache,dark urine,confusion,eye redness,,
Disease_888,eye redness,blurred vision,loss of appetite,runny nose,weight loss,,
Disease_889,yellow skin,runny nose,itching,,,,
Disease_890,high blood pressure,frequent urination,fatigue,dry mouth,headache,confusion,chills
Disease_891,cough,sweating,headache,dark urine,confusion,skin redness,
Disease_892,weight loss,chest pain,increased thirst,,,,
Disease_893,itching,confusion,chest pain,ear pain,,,
Disease_894,speech difficulty,frequent urination,skin redness,muscle pain,cough,,
Disease_895,tremors,muscle pain,weakness,increased thirst,runny nose,blurred vision,
Disease_896,diarrhea,headache,skin redness,light-colored stools,loss of appetite,runny nose,
Disease_897,diarrhea,high blood pressure,dizziness,blurred vision,tremors,difficulty swallowing,muscle pain
Disease_898,light-colored stools,tremors,confusion,dizziness,swollen glands,increased thirst,
Disease_899,headache,vomiting,confusion,,,,
Disease_900,numbness,swollen glands,memory loss,weakness,hair loss,,
Disease_901,difficulty swallowing,runny nose,increased thirst,headache,swollen glands,dizziness,light-colored stools
Disease_902,yellow skin,speech difficulty,diarrhea,tremors,weakness,blurred vision,
Disease_903,memory loss,cough,speech difficulty,runny nose,confusion,joint pain,loss of appetite
Disease_904,dark urine,increased thirst,dry mouth,speech difficulty,,,
Disease_905,loss of appetite,numbness,shortness of breath,dry mouth,cough,,
Disease_906,dizziness,confusion,dark urine,sore throat,,,
Disease_907,shortness of breath,ear pain,weight loss,,,,
Disease_908,dry mouth,runny nose,numbness,rash,shortness of breath,muscle pain,
Disease_909,hair loss,weight loss,joint pain,sweating,dry mouth,,
Disease_910,dizziness,skin redness,frequent urination,,,,
Disease_911,sweating,runny nose,abdominal pain,,,,
Disease_912,vomiting,speech difficulty,blurred vision,hair loss,confusion,eye redness,chest pain
Disease_913,confusion,headache,chills,ear pain,diarrhea,dark urine,dry mouth
Disease_914,headache,skin redness,nausea,speech difficulty,weight loss,,
Disease_915,weight loss,skin redness,joint pain,,,,
Disease_916,blurred vision,ear pain,numbness,low blood pressure,light-colored stools,skin redness,
Disease_917,loss of appetite,increased thirst,rash,headache,ear pain,blurred vision,
Disease_918,tremors,shortness of breath,itching,,,,
Disease_919,fatigue,muscle pain,fever,increased thirst,numbness,eye redness,
Disease_920,confusion,diarrhea,dark urine,joint pain,difficulty swallowing,,
Disease_921,confusion,frequent urination,itching,vomiting,fatigue,blurred vision,
Disease_922,low blood pressure,hair loss,weight loss,frequent urination,light-colored stools,,
Disease_923,blurred vision,skin redness,memory loss,,,,
Disease_924,confusion,itching,muscle pain,,,,
Disease_925,muscle pain,swollen glands,sweating,yellow skin,,,
Disease_926,frequent urination,eye redness,hair loss,,,,
Disease_927,loss of appetite,confusion,frequent urination,,,,
Disease_928,dry mouth,dizziness,increased thirst,joint pain,runny nose,,
Disease_929,loss of appetite,yellow skin,blurred vision,light-colored stools,,,
Disease_930,light-colored stools,increased thirst,dry mouth,abdominal pain,tremors,,
Disease_931,cough,blurred vision,swollen glands,ear pain,dizziness,chills,frequent urination
Disease_932,sore throat,vomiting,eye redness,confusion,,,
Disease_933,hair loss,weight loss,sore throat,chills,rash,cough,
Disease_934,loss of appetite,swollen glands,muscle pain,eye redness,dark urine,numbness,abdominal pain
Disease_935,speech difficulty,dark urine,yellow skin,eye redness,,,
Disease_936,dark urine,headache,sweating,confusion,tremors,,
Disease_937,abdominal pain,hair loss,memory loss,nausea,confusion,,
Disease_938,high blood pressure,yellow skin,dizziness,dry mouth,,,
Disease_939,frequent urination,fever,sweating,,,,
Disease_940,loss of appetite,high blood pressure,low blood pressure,vomiting,shortness of breath,confusion,dizziness
Disease_941,frequent urination,rash,memory loss,,,,
Disease_942,dark urine,weakness,speech difficulty,,,,
Disease_943,numbness,sore throat,fatigue,runny nose,chest pain,,
Disease_944,cough,frequent urination,nausea,joint pain,dark urine,light-colored stools,dry mouth
Disease_945,blurred vision,loss of appetite,runny nose,sweating,,,
Disease_946,memory loss,dark urine,swollen glands,loss of appetite,vomiting,weight loss,
Disease_947,shortness of breath,fever,chills,confusion,,,
Disease_948,speech difficulty,high blood pressure,joint pain,,,,
Disease_949,numbness,sweating,chills,speech difficulty,,,
Disease_950,sweating,diarrhea,high blood pressure,runny nose,,,
Disease_951,sore throat,confusion,sweating,diarrhea,,,
Disease_952,fatigue,weakness,runny nose,dark urine,confusion,yellow skin,nausea
Disease_953,joint pain,swollen glands,difficulty swallowing,yellow skin,hair loss,confusion,
Disease_954,joint pain,fatigue,increased thirst,confusion,sweating,,
Disease_955,joint pain,shortness of breath,weight loss,runny nose,cough,eye redness,hair loss
Disease_956,joint pain,fever,dry mouth,dark urine,,,
Disease_957,rash,weight loss,memory loss,shortness of breath,light-colored stools,cough,runny nose
Disease_958,runny nose,skin redness,high blood pressure,fever,swollen glands,low blood pressure,nausea
Disease_959,skin redness,dizziness,numbness,chills,difficulty swallowing,chest pain,
Disease_960,shortness of breath,rash,weight loss,loss of appetite,,,
Disease_961,frequent urination,speech difficulty,dry mouth,ear pain,dizziness,sore throat,
Disease_962,fever,yellow skin,chills,hair loss,tremors,sore throat,
Disease_963,low blood pressure,confusion,light-colored stools,cough,sore throat,,
Disease_964,dark urine,itching,diarrhea,high blood pressure,ear pain,,
Disease_965,weight loss,dark urine,increased thirst,chills,,,
Disease_966,runny nose,chills,dry mouth,light-colored stools,speech difficulty,fever,low blood pressure
Disease_967,sore throat,low blood pressure,runny nose,itching,light-colored stools,weakness,high blood pressure
Disease_968,dark urine,cough,runny nose,increased thirst,rash,fever,
Disease_969,numbness,confusion,light-colored stools,speech difficulty,,,
Disease_970,skin redness,high blood pressure,yellow skin,dark urine,eye redness,,
Disease_971,fatigue,hair loss,sore throat,speech difficulty,dizziness,,
Disease_972,speech difficulty,skin redness,eye redness,itching,fever,,
Disease_973,dry mouth,shortness of breath,dark urine,diarrhea,high blood pressure,,
Disease_974,skin redness,joint pain,runny nose,speech difficulty,,,
Disease_975,eye redness,cough,abdominal pain,numbness,rash,swollen glands,
Disease_976,dark urine,sore throat,swollen glands,ear pain,cough,runny nose,joint pain
Disease_977,hair loss,nausea,dizziness,eye redness,skin redness,high blood pressure,tremors
Disease_978,ear pain,low blood pressure,numbness,fever,vomiting,rash,frequent urination
Disease_979,ear pain,frequent urination,light-colored stools,high blood pressure,fatigue,,
Disease_980,fatigue,chills,low blood pressure,runny nose,yellow skin,eye redness,
Disease_981,ear pain,speech difficulty,shortness of breath,,,,
Disease_982,vomiting,high blood pressure,fatigue,sweating,increased thirst,hair loss,frequent urination
Disease_983,chills,weight loss,dark urine,,,,
Disease_984,dizziness,diarrhea,rash,abdominal pain,swollen glands,,
Disease_985,hair loss,numbness,cough,confusion,chills,,
Disease_986,sore throat,eye redness,vomiting,,,,
Disease_987,itching,tremors,joint pain,nausea,,,
Disease_988,hair loss,sore throat,numbness,,,,
Disease_989,headache,swollen glands,shortness of breath,increased thirst,,,
Disease_990,shortness of breath,rash,sweating,,,,
Disease_991,vomiting,high blood pressure,weakness,tremors,increased thirst,muscle pain,ear pain
Disease_992,fever,weight loss,chest pain,difficulty swallowing,dizziness,abdominal pain,
Disease_993,diarrhea,sweating,fever,,,,
Disease_994,abdominal pain,eye redness,light-colored stools,,,,
Disease_995,loss of appetite,sore throat,chills,,,,
Disease_996,weight loss,dark urine,headache,eye redness,fatigue,,
Disease_997,fever,dry mouth,fatigue,dark urine,nausea,ear pain,
Disease_998,ear pain,cough,eye redness,memory loss,light-colored stools,sweating,muscle pain
Disease_999,confusion,itching,yellow skin,tremors,loss of appetite,,
Disease_1000,yellow skin,sore throat,ear pain,loss of appetite,runny nose,,
